--
-- PostgreSQL database dump
--

-- Dumped from database version 16.4 (Homebrew)
-- Dumped by pg_dump version 16.4 (Homebrew)

SET statement_timeout = 0;
SET lock_timeout = 0;
SET idle_in_transaction_session_timeout = 0;
SET client_encoding = 'UTF8';
SET standard_conforming_strings = on;
SELECT pg_catalog.set_config('search_path', '', false);
SET check_function_bodies = false;
SET xmloption = content;
SET client_min_messages = warning;
SET row_security = off;

--
-- Name: public; Type: SCHEMA; Schema: -; Owner: ratazana
--

-- *not* creating schema, since initdb creates it


ALTER SCHEMA public OWNER TO ratazana;

SET default_tablespace = '';

SET default_table_access_method = heap;

--
-- Name: account_emailaddress; Type: TABLE; Schema: public; Owner: ratazana
--

CREATE TABLE public.account_emailaddress (
    id integer NOT NULL,
    email character varying(254) NOT NULL,
    verified boolean NOT NULL,
    "primary" boolean NOT NULL,
    user_id bigint NOT NULL
);


ALTER TABLE public.account_emailaddress OWNER TO ratazana;

--
-- Name: account_emailaddress_id_seq; Type: SEQUENCE; Schema: public; Owner: ratazana
--

ALTER TABLE public.account_emailaddress ALTER COLUMN id ADD GENERATED BY DEFAULT AS IDENTITY (
    SEQUENCE NAME public.account_emailaddress_id_seq
    START WITH 1
    INCREMENT BY 1
    NO MINVALUE
    NO MAXVALUE
    CACHE 1
);


--
-- Name: account_emailconfirmation; Type: TABLE; Schema: public; Owner: ratazana
--

CREATE TABLE public.account_emailconfirmation (
    id integer NOT NULL,
    created timestamp with time zone NOT NULL,
    sent timestamp with time zone,
    key character varying(64) NOT NULL,
    email_address_id integer NOT NULL
);


ALTER TABLE public.account_emailconfirmation OWNER TO ratazana;

--
-- Name: account_emailconfirmation_id_seq; Type: SEQUENCE; Schema: public; Owner: ratazana
--

ALTER TABLE public.account_emailconfirmation ALTER COLUMN id ADD GENERATED BY DEFAULT AS IDENTITY (
    SEQUENCE NAME public.account_emailconfirmation_id_seq
    START WITH 1
    INCREMENT BY 1
    NO MINVALUE
    NO MAXVALUE
    CACHE 1
);


--
-- Name: alerts; Type: TABLE; Schema: public; Owner: postgres
--

CREATE TABLE public.alerts (
    id integer NOT NULL,
    user_id integer,
    jersey_id integer,
    created_at timestamp without time zone DEFAULT CURRENT_TIMESTAMP NOT NULL,
    last_triggered timestamp without time zone
);


ALTER TABLE public.alerts OWNER TO postgres;

--
-- Name: alerts_id_seq; Type: SEQUENCE; Schema: public; Owner: postgres
--

CREATE SEQUENCE public.alerts_id_seq
    AS integer
    START WITH 1
    INCREMENT BY 1
    NO MINVALUE
    NO MAXVALUE
    CACHE 1;


ALTER SEQUENCE public.alerts_id_seq OWNER TO postgres;

--
-- Name: alerts_id_seq; Type: SEQUENCE OWNED BY; Schema: public; Owner: postgres
--

ALTER SEQUENCE public.alerts_id_seq OWNED BY public.alerts.id;


--
-- Name: auth_group; Type: TABLE; Schema: public; Owner: ratazana
--

CREATE TABLE public.auth_group (
    id integer NOT NULL,
    name character varying(150) NOT NULL
);


ALTER TABLE public.auth_group OWNER TO ratazana;

--
-- Name: auth_group_id_seq; Type: SEQUENCE; Schema: public; Owner: ratazana
--

ALTER TABLE public.auth_group ALTER COLUMN id ADD GENERATED BY DEFAULT AS IDENTITY (
    SEQUENCE NAME public.auth_group_id_seq
    START WITH 1
    INCREMENT BY 1
    NO MINVALUE
    NO MAXVALUE
    CACHE 1
);


--
-- Name: auth_group_permissions; Type: TABLE; Schema: public; Owner: ratazana
--

CREATE TABLE public.auth_group_permissions (
    id bigint NOT NULL,
    group_id integer NOT NULL,
    permission_id integer NOT NULL
);


ALTER TABLE public.auth_group_permissions OWNER TO ratazana;

--
-- Name: auth_group_permissions_id_seq; Type: SEQUENCE; Schema: public; Owner: ratazana
--

ALTER TABLE public.auth_group_permissions ALTER COLUMN id ADD GENERATED BY DEFAULT AS IDENTITY (
    SEQUENCE NAME public.auth_group_permissions_id_seq
    START WITH 1
    INCREMENT BY 1
    NO MINVALUE
    NO MAXVALUE
    CACHE 1
);


--
-- Name: auth_permission; Type: TABLE; Schema: public; Owner: ratazana
--

CREATE TABLE public.auth_permission (
    id integer NOT NULL,
    name character varying(255) NOT NULL,
    content_type_id integer NOT NULL,
    codename character varying(100) NOT NULL
);


ALTER TABLE public.auth_permission OWNER TO ratazana;

--
-- Name: auth_permission_id_seq; Type: SEQUENCE; Schema: public; Owner: ratazana
--

ALTER TABLE public.auth_permission ALTER COLUMN id ADD GENERATED BY DEFAULT AS IDENTITY (
    SEQUENCE NAME public.auth_permission_id_seq
    START WITH 1
    INCREMENT BY 1
    NO MINVALUE
    NO MAXVALUE
    CACHE 1
);


--
-- Name: authtoken_token; Type: TABLE; Schema: public; Owner: ratazana
--

CREATE TABLE public.authtoken_token (
    key character varying(40) NOT NULL,
    created timestamp with time zone NOT NULL,
    user_id bigint NOT NULL
);


ALTER TABLE public.authtoken_token OWNER TO ratazana;

--
-- Name: core_alert; Type: TABLE; Schema: public; Owner: ratazana
--

CREATE TABLE public.core_alert (
    id bigint NOT NULL,
    alert_type character varying(50) NOT NULL,
    active boolean NOT NULL,
    jersey_id bigint NOT NULL,
    user_id bigint NOT NULL
);


ALTER TABLE public.core_alert OWNER TO ratazana;

--
-- Name: core_alert_id_seq; Type: SEQUENCE; Schema: public; Owner: ratazana
--

ALTER TABLE public.core_alert ALTER COLUMN id ADD GENERATED BY DEFAULT AS IDENTITY (
    SEQUENCE NAME public.core_alert_id_seq
    START WITH 1
    INCREMENT BY 1
    NO MINVALUE
    NO MAXVALUE
    CACHE 1
);


--
-- Name: core_customuser; Type: TABLE; Schema: public; Owner: ratazana
--

CREATE TABLE public.core_customuser (
    id bigint NOT NULL,
    password character varying(128) NOT NULL,
    last_login timestamp with time zone,
    is_superuser boolean NOT NULL,
    username character varying(150),
    first_name character varying(150) NOT NULL,
    last_name character varying(150) NOT NULL,
    email character varying(254) NOT NULL,
    is_staff boolean NOT NULL,
    is_active boolean NOT NULL,
    date_joined timestamp with time zone NOT NULL
);


ALTER TABLE public.core_customuser OWNER TO ratazana;

--
-- Name: core_customuser_groups; Type: TABLE; Schema: public; Owner: ratazana
--

CREATE TABLE public.core_customuser_groups (
    id bigint NOT NULL,
    customuser_id bigint NOT NULL,
    group_id integer NOT NULL
);


ALTER TABLE public.core_customuser_groups OWNER TO ratazana;

--
-- Name: core_customuser_groups_id_seq; Type: SEQUENCE; Schema: public; Owner: ratazana
--

ALTER TABLE public.core_customuser_groups ALTER COLUMN id ADD GENERATED BY DEFAULT AS IDENTITY (
    SEQUENCE NAME public.core_customuser_groups_id_seq
    START WITH 1
    INCREMENT BY 1
    NO MINVALUE
    NO MAXVALUE
    CACHE 1
);


--
-- Name: core_customuser_id_seq; Type: SEQUENCE; Schema: public; Owner: ratazana
--

ALTER TABLE public.core_customuser ALTER COLUMN id ADD GENERATED BY DEFAULT AS IDENTITY (
    SEQUENCE NAME public.core_customuser_id_seq
    START WITH 1
    INCREMENT BY 1
    NO MINVALUE
    NO MAXVALUE
    CACHE 1
);


--
-- Name: core_customuser_user_permissions; Type: TABLE; Schema: public; Owner: ratazana
--

CREATE TABLE public.core_customuser_user_permissions (
    id bigint NOT NULL,
    customuser_id bigint NOT NULL,
    permission_id integer NOT NULL
);


ALTER TABLE public.core_customuser_user_permissions OWNER TO ratazana;

--
-- Name: core_customuser_user_permissions_id_seq; Type: SEQUENCE; Schema: public; Owner: ratazana
--

ALTER TABLE public.core_customuser_user_permissions ALTER COLUMN id ADD GENERATED BY DEFAULT AS IDENTITY (
    SEQUENCE NAME public.core_customuser_user_permissions_id_seq
    START WITH 1
    INCREMENT BY 1
    NO MINVALUE
    NO MAXVALUE
    CACHE 1
);


--
-- Name: core_jersey; Type: TABLE; Schema: public; Owner: ratazana
--

CREATE TABLE public.core_jersey (
    id bigint NOT NULL,
    brand character varying(100) NOT NULL,
    team character varying(100) NOT NULL,
    color character varying(100) NOT NULL,
    price numeric(8,2) NOT NULL,
    description text NOT NULL,
    is_new_release boolean NOT NULL,
    is_promoted boolean NOT NULL,
    is_upcoming boolean NOT NULL,
    season character varying(10) NOT NULL,
    country character varying(100) NOT NULL,
    image_path character varying(100) NOT NULL,
    original_price numeric(8,2)
);


ALTER TABLE public.core_jersey OWNER TO ratazana;

--
-- Name: core_jersey_id_seq; Type: SEQUENCE; Schema: public; Owner: ratazana
--

ALTER TABLE public.core_jersey ALTER COLUMN id ADD GENERATED BY DEFAULT AS IDENTITY (
    SEQUENCE NAME public.core_jersey_id_seq
    START WITH 1
    INCREMENT BY 1
    NO MINVALUE
    NO MAXVALUE
    CACHE 1
);


--
-- Name: core_jerseyimage; Type: TABLE; Schema: public; Owner: ratazana
--

CREATE TABLE public.core_jerseyimage (
    id bigint NOT NULL,
    image_path character varying(100) NOT NULL,
    jersey_id bigint NOT NULL
);


ALTER TABLE public.core_jerseyimage OWNER TO ratazana;

--
-- Name: core_jerseyimage_id_seq; Type: SEQUENCE; Schema: public; Owner: ratazana
--

ALTER TABLE public.core_jerseyimage ALTER COLUMN id ADD GENERATED BY DEFAULT AS IDENTITY (
    SEQUENCE NAME public.core_jerseyimage_id_seq
    START WITH 1
    INCREMENT BY 1
    NO MINVALUE
    NO MAXVALUE
    CACHE 1
);


--
-- Name: core_like; Type: TABLE; Schema: public; Owner: ratazana
--

CREATE TABLE public.core_like (
    id bigint NOT NULL,
    jersey_id bigint NOT NULL,
    user_id bigint NOT NULL
);


ALTER TABLE public.core_like OWNER TO ratazana;

--
-- Name: core_like_id_seq; Type: SEQUENCE; Schema: public; Owner: ratazana
--

ALTER TABLE public.core_like ALTER COLUMN id ADD GENERATED BY DEFAULT AS IDENTITY (
    SEQUENCE NAME public.core_like_id_seq
    START WITH 1
    INCREMENT BY 1
    NO MINVALUE
    NO MAXVALUE
    CACHE 1
);


--
-- Name: core_pricehistory; Type: TABLE; Schema: public; Owner: ratazana
--

CREATE TABLE public.core_pricehistory (
    id bigint NOT NULL,
    price numeric(8,2) NOT NULL,
    date date NOT NULL,
    jersey_id bigint NOT NULL
);


ALTER TABLE public.core_pricehistory OWNER TO ratazana;

--
-- Name: core_pricehistory_id_seq; Type: SEQUENCE; Schema: public; Owner: ratazana
--

ALTER TABLE public.core_pricehistory ALTER COLUMN id ADD GENERATED BY DEFAULT AS IDENTITY (
    SEQUENCE NAME public.core_pricehistory_id_seq
    START WITH 1
    INCREMENT BY 1
    NO MINVALUE
    NO MAXVALUE
    CACHE 1
);


--
-- Name: django_admin_log; Type: TABLE; Schema: public; Owner: ratazana
--

CREATE TABLE public.django_admin_log (
    id integer NOT NULL,
    action_time timestamp with time zone NOT NULL,
    object_id text,
    object_repr character varying(200) NOT NULL,
    action_flag smallint NOT NULL,
    change_message text NOT NULL,
    content_type_id integer,
    user_id bigint NOT NULL,
    CONSTRAINT django_admin_log_action_flag_check CHECK ((action_flag >= 0))
);


ALTER TABLE public.django_admin_log OWNER TO ratazana;

--
-- Name: django_admin_log_id_seq; Type: SEQUENCE; Schema: public; Owner: ratazana
--

ALTER TABLE public.django_admin_log ALTER COLUMN id ADD GENERATED BY DEFAULT AS IDENTITY (
    SEQUENCE NAME public.django_admin_log_id_seq
    START WITH 1
    INCREMENT BY 1
    NO MINVALUE
    NO MAXVALUE
    CACHE 1
);


--
-- Name: django_content_type; Type: TABLE; Schema: public; Owner: ratazana
--

CREATE TABLE public.django_content_type (
    id integer NOT NULL,
    app_label character varying(100) NOT NULL,
    model character varying(100) NOT NULL
);


ALTER TABLE public.django_content_type OWNER TO ratazana;

--
-- Name: django_content_type_id_seq; Type: SEQUENCE; Schema: public; Owner: ratazana
--

ALTER TABLE public.django_content_type ALTER COLUMN id ADD GENERATED BY DEFAULT AS IDENTITY (
    SEQUENCE NAME public.django_content_type_id_seq
    START WITH 1
    INCREMENT BY 1
    NO MINVALUE
    NO MAXVALUE
    CACHE 1
);


--
-- Name: django_migrations; Type: TABLE; Schema: public; Owner: ratazana
--

CREATE TABLE public.django_migrations (
    id bigint NOT NULL,
    app character varying(255) NOT NULL,
    name character varying(255) NOT NULL,
    applied timestamp with time zone NOT NULL
);


ALTER TABLE public.django_migrations OWNER TO ratazana;

--
-- Name: django_migrations_id_seq; Type: SEQUENCE; Schema: public; Owner: ratazana
--

ALTER TABLE public.django_migrations ALTER COLUMN id ADD GENERATED BY DEFAULT AS IDENTITY (
    SEQUENCE NAME public.django_migrations_id_seq
    START WITH 1
    INCREMENT BY 1
    NO MINVALUE
    NO MAXVALUE
    CACHE 1
);


--
-- Name: django_session; Type: TABLE; Schema: public; Owner: ratazana
--

CREATE TABLE public.django_session (
    session_key character varying(40) NOT NULL,
    session_data text NOT NULL,
    expire_date timestamp with time zone NOT NULL
);


ALTER TABLE public.django_session OWNER TO ratazana;

--
-- Name: django_site; Type: TABLE; Schema: public; Owner: ratazana
--

CREATE TABLE public.django_site (
    id integer NOT NULL,
    domain character varying(100) NOT NULL,
    name character varying(50) NOT NULL
);


ALTER TABLE public.django_site OWNER TO ratazana;

--
-- Name: django_site_id_seq; Type: SEQUENCE; Schema: public; Owner: ratazana
--

ALTER TABLE public.django_site ALTER COLUMN id ADD GENERATED BY DEFAULT AS IDENTITY (
    SEQUENCE NAME public.django_site_id_seq
    START WITH 1
    INCREMENT BY 1
    NO MINVALUE
    NO MAXVALUE
    CACHE 1
);


--
-- Name: jerseys; Type: TABLE; Schema: public; Owner: postgres
--

CREATE TABLE public.jerseys (
    id integer NOT NULL,
    brand character varying(255) NOT NULL,
    team character varying(255) NOT NULL,
    price numeric(10,2) NOT NULL,
    image_url text,
    created_at timestamp without time zone DEFAULT CURRENT_TIMESTAMP NOT NULL,
    size character varying(10),
    season character varying(10),
    color character varying(50)
);


ALTER TABLE public.jerseys OWNER TO postgres;

--
-- Name: jerseys_id_seq; Type: SEQUENCE; Schema: public; Owner: postgres
--

CREATE SEQUENCE public.jerseys_id_seq
    AS integer
    START WITH 1
    INCREMENT BY 1
    NO MINVALUE
    NO MAXVALUE
    CACHE 1;


ALTER SEQUENCE public.jerseys_id_seq OWNER TO postgres;

--
-- Name: jerseys_id_seq; Type: SEQUENCE OWNED BY; Schema: public; Owner: postgres
--

ALTER SEQUENCE public.jerseys_id_seq OWNED BY public.jerseys.id;


--
-- Name: like_tables; Type: TABLE; Schema: public; Owner: postgres
--

CREATE TABLE public.like_tables (
    id integer NOT NULL,
    user_id integer,
    jersey_id integer,
    created_at timestamp without time zone DEFAULT CURRENT_TIMESTAMP NOT NULL
);


ALTER TABLE public.like_tables OWNER TO postgres;

--
-- Name: like_tables_id_seq; Type: SEQUENCE; Schema: public; Owner: postgres
--

CREATE SEQUENCE public.like_tables_id_seq
    AS integer
    START WITH 1
    INCREMENT BY 1
    NO MINVALUE
    NO MAXVALUE
    CACHE 1;


ALTER SEQUENCE public.like_tables_id_seq OWNER TO postgres;

--
-- Name: like_tables_id_seq; Type: SEQUENCE OWNED BY; Schema: public; Owner: postgres
--

ALTER SEQUENCE public.like_tables_id_seq OWNED BY public.like_tables.id;


--
-- Name: prices_history; Type: TABLE; Schema: public; Owner: postgres
--

CREATE TABLE public.prices_history (
    id integer NOT NULL,
    jersey_id integer,
    date date NOT NULL,
    price numeric(10,2) NOT NULL,
    source character varying(255)
);


ALTER TABLE public.prices_history OWNER TO postgres;

--
-- Name: prices_history_id_seq; Type: SEQUENCE; Schema: public; Owner: postgres
--

CREATE SEQUENCE public.prices_history_id_seq
    AS integer
    START WITH 1
    INCREMENT BY 1
    NO MINVALUE
    NO MAXVALUE
    CACHE 1;


ALTER SEQUENCE public.prices_history_id_seq OWNER TO postgres;

--
-- Name: prices_history_id_seq; Type: SEQUENCE OWNED BY; Schema: public; Owner: postgres
--

ALTER SEQUENCE public.prices_history_id_seq OWNED BY public.prices_history.id;


--
-- Name: socialaccount_socialaccount; Type: TABLE; Schema: public; Owner: ratazana
--

CREATE TABLE public.socialaccount_socialaccount (
    id integer NOT NULL,
    provider character varying(200) NOT NULL,
    uid character varying(191) NOT NULL,
    last_login timestamp with time zone NOT NULL,
    date_joined timestamp with time zone NOT NULL,
    extra_data jsonb NOT NULL,
    user_id bigint NOT NULL
);


ALTER TABLE public.socialaccount_socialaccount OWNER TO ratazana;

--
-- Name: socialaccount_socialaccount_id_seq; Type: SEQUENCE; Schema: public; Owner: ratazana
--

ALTER TABLE public.socialaccount_socialaccount ALTER COLUMN id ADD GENERATED BY DEFAULT AS IDENTITY (
    SEQUENCE NAME public.socialaccount_socialaccount_id_seq
    START WITH 1
    INCREMENT BY 1
    NO MINVALUE
    NO MAXVALUE
    CACHE 1
);


--
-- Name: socialaccount_socialapp; Type: TABLE; Schema: public; Owner: ratazana
--

CREATE TABLE public.socialaccount_socialapp (
    id integer NOT NULL,
    provider character varying(30) NOT NULL,
    name character varying(40) NOT NULL,
    client_id character varying(191) NOT NULL,
    secret character varying(191) NOT NULL,
    key character varying(191) NOT NULL,
    provider_id character varying(200) NOT NULL,
    settings jsonb NOT NULL
);


ALTER TABLE public.socialaccount_socialapp OWNER TO ratazana;

--
-- Name: socialaccount_socialapp_id_seq; Type: SEQUENCE; Schema: public; Owner: ratazana
--

ALTER TABLE public.socialaccount_socialapp ALTER COLUMN id ADD GENERATED BY DEFAULT AS IDENTITY (
    SEQUENCE NAME public.socialaccount_socialapp_id_seq
    START WITH 1
    INCREMENT BY 1
    NO MINVALUE
    NO MAXVALUE
    CACHE 1
);


--
-- Name: socialaccount_socialapp_sites; Type: TABLE; Schema: public; Owner: ratazana
--

CREATE TABLE public.socialaccount_socialapp_sites (
    id bigint NOT NULL,
    socialapp_id integer NOT NULL,
    site_id integer NOT NULL
);


ALTER TABLE public.socialaccount_socialapp_sites OWNER TO ratazana;

--
-- Name: socialaccount_socialapp_sites_id_seq; Type: SEQUENCE; Schema: public; Owner: ratazana
--

ALTER TABLE public.socialaccount_socialapp_sites ALTER COLUMN id ADD GENERATED BY DEFAULT AS IDENTITY (
    SEQUENCE NAME public.socialaccount_socialapp_sites_id_seq
    START WITH 1
    INCREMENT BY 1
    NO MINVALUE
    NO MAXVALUE
    CACHE 1
);


--
-- Name: socialaccount_socialtoken; Type: TABLE; Schema: public; Owner: ratazana
--

CREATE TABLE public.socialaccount_socialtoken (
    id integer NOT NULL,
    token text NOT NULL,
    token_secret text NOT NULL,
    expires_at timestamp with time zone,
    account_id integer NOT NULL,
    app_id integer
);


ALTER TABLE public.socialaccount_socialtoken OWNER TO ratazana;

--
-- Name: socialaccount_socialtoken_id_seq; Type: SEQUENCE; Schema: public; Owner: ratazana
--

ALTER TABLE public.socialaccount_socialtoken ALTER COLUMN id ADD GENERATED BY DEFAULT AS IDENTITY (
    SEQUENCE NAME public.socialaccount_socialtoken_id_seq
    START WITH 1
    INCREMENT BY 1
    NO MINVALUE
    NO MAXVALUE
    CACHE 1
);


--
-- Name: users; Type: TABLE; Schema: public; Owner: postgres
--

CREATE TABLE public.users (
    id integer NOT NULL,
    username character varying(255) NOT NULL,
    email character varying(255) NOT NULL,
    password_hash character varying(255) NOT NULL,
    created_at timestamp without time zone DEFAULT CURRENT_TIMESTAMP NOT NULL
);


ALTER TABLE public.users OWNER TO postgres;

--
-- Name: users_id_seq; Type: SEQUENCE; Schema: public; Owner: postgres
--

CREATE SEQUENCE public.users_id_seq
    AS integer
    START WITH 1
    INCREMENT BY 1
    NO MINVALUE
    NO MAXVALUE
    CACHE 1;


ALTER SEQUENCE public.users_id_seq OWNER TO postgres;

--
-- Name: users_id_seq; Type: SEQUENCE OWNED BY; Schema: public; Owner: postgres
--

ALTER SEQUENCE public.users_id_seq OWNED BY public.users.id;


--
-- Name: alerts id; Type: DEFAULT; Schema: public; Owner: postgres
--

ALTER TABLE ONLY public.alerts ALTER COLUMN id SET DEFAULT nextval('public.alerts_id_seq'::regclass);


--
-- Name: jerseys id; Type: DEFAULT; Schema: public; Owner: postgres
--

ALTER TABLE ONLY public.jerseys ALTER COLUMN id SET DEFAULT nextval('public.jerseys_id_seq'::regclass);


--
-- Name: like_tables id; Type: DEFAULT; Schema: public; Owner: postgres
--

ALTER TABLE ONLY public.like_tables ALTER COLUMN id SET DEFAULT nextval('public.like_tables_id_seq'::regclass);


--
-- Name: prices_history id; Type: DEFAULT; Schema: public; Owner: postgres
--

ALTER TABLE ONLY public.prices_history ALTER COLUMN id SET DEFAULT nextval('public.prices_history_id_seq'::regclass);


--
-- Name: users id; Type: DEFAULT; Schema: public; Owner: postgres
--

ALTER TABLE ONLY public.users ALTER COLUMN id SET DEFAULT nextval('public.users_id_seq'::regclass);


--
-- Data for Name: account_emailaddress; Type: TABLE DATA; Schema: public; Owner: ratazana
--

COPY public.account_emailaddress (id, email, verified, "primary", user_id) FROM stdin;
\.


--
-- Data for Name: account_emailconfirmation; Type: TABLE DATA; Schema: public; Owner: ratazana
--

COPY public.account_emailconfirmation (id, created, sent, key, email_address_id) FROM stdin;
\.


--
-- Data for Name: alerts; Type: TABLE DATA; Schema: public; Owner: postgres
--

COPY public.alerts (id, user_id, jersey_id, created_at, last_triggered) FROM stdin;
\.


--
-- Data for Name: auth_group; Type: TABLE DATA; Schema: public; Owner: ratazana
--

COPY public.auth_group (id, name) FROM stdin;
\.


--
-- Data for Name: auth_group_permissions; Type: TABLE DATA; Schema: public; Owner: ratazana
--

COPY public.auth_group_permissions (id, group_id, permission_id) FROM stdin;
\.


--
-- Data for Name: auth_permission; Type: TABLE DATA; Schema: public; Owner: ratazana
--

COPY public.auth_permission (id, name, content_type_id, codename) FROM stdin;
1	Can add log entry	1	add_logentry
2	Can change log entry	1	change_logentry
3	Can delete log entry	1	delete_logentry
4	Can view log entry	1	view_logentry
5	Can add permission	2	add_permission
6	Can change permission	2	change_permission
7	Can delete permission	2	delete_permission
8	Can view permission	2	view_permission
9	Can add group	3	add_group
10	Can change group	3	change_group
11	Can delete group	3	delete_group
12	Can view group	3	view_group
13	Can add content type	4	add_contenttype
14	Can change content type	4	change_contenttype
15	Can delete content type	4	delete_contenttype
16	Can view content type	4	view_contenttype
17	Can add session	5	add_session
18	Can change session	5	change_session
19	Can delete session	5	delete_session
20	Can view session	5	view_session
21	Can add user	6	add_customuser
22	Can change user	6	change_customuser
23	Can delete user	6	delete_customuser
24	Can view user	6	view_customuser
25	Can add jersey	7	add_jersey
26	Can change jersey	7	change_jersey
27	Can delete jersey	7	delete_jersey
28	Can view jersey	7	view_jersey
29	Can add price history	8	add_pricehistory
30	Can change price history	8	change_pricehistory
31	Can delete price history	8	delete_pricehistory
32	Can view price history	8	view_pricehistory
33	Can add like	9	add_like
34	Can change like	9	change_like
35	Can delete like	9	delete_like
36	Can view like	9	view_like
37	Can add alert	10	add_alert
38	Can change alert	10	change_alert
39	Can delete alert	10	delete_alert
40	Can view alert	10	view_alert
41	Can add Token	11	add_token
42	Can change Token	11	change_token
43	Can delete Token	11	delete_token
44	Can view Token	11	view_token
45	Can add Token	12	add_tokenproxy
46	Can change Token	12	change_tokenproxy
47	Can delete Token	12	delete_tokenproxy
48	Can view Token	12	view_tokenproxy
49	Can add email address	13	add_emailaddress
50	Can change email address	13	change_emailaddress
51	Can delete email address	13	delete_emailaddress
52	Can view email address	13	view_emailaddress
53	Can add email confirmation	14	add_emailconfirmation
54	Can change email confirmation	14	change_emailconfirmation
55	Can delete email confirmation	14	delete_emailconfirmation
56	Can view email confirmation	14	view_emailconfirmation
57	Can add social account	15	add_socialaccount
58	Can change social account	15	change_socialaccount
59	Can delete social account	15	delete_socialaccount
60	Can view social account	15	view_socialaccount
61	Can add social application	16	add_socialapp
62	Can change social application	16	change_socialapp
63	Can delete social application	16	delete_socialapp
64	Can view social application	16	view_socialapp
65	Can add social application token	17	add_socialtoken
66	Can change social application token	17	change_socialtoken
67	Can delete social application token	17	delete_socialtoken
68	Can view social application token	17	view_socialtoken
69	Can add jersey	18	add_jersey
70	Can change jersey	18	change_jersey
71	Can delete jersey	18	delete_jersey
72	Can view jersey	18	view_jersey
73	Can add site	19	add_site
74	Can change site	19	change_site
75	Can delete site	19	delete_site
76	Can view site	19	view_site
77	Can add jersey image	20	add_jerseyimage
78	Can change jersey image	20	change_jerseyimage
79	Can delete jersey image	20	delete_jerseyimage
80	Can view jersey image	20	view_jerseyimage
\.


--
-- Data for Name: authtoken_token; Type: TABLE DATA; Schema: public; Owner: ratazana
--

COPY public.authtoken_token (key, created, user_id) FROM stdin;
\.


--
-- Data for Name: core_alert; Type: TABLE DATA; Schema: public; Owner: ratazana
--

COPY public.core_alert (id, alert_type, active, jersey_id, user_id) FROM stdin;
\.


--
-- Data for Name: core_customuser; Type: TABLE DATA; Schema: public; Owner: ratazana
--

COPY public.core_customuser (id, password, last_login, is_superuser, username, first_name, last_name, email, is_staff, is_active, date_joined) FROM stdin;
1	pbkdf2_sha256$870000$4uOUu3V2xdvktzujnLzJK4$9dLhcjvQ3M8qtvHM4UhQiYfAmh784wjD62FEeqAld1E=	2024-10-01 19:56:23.644991+02	t	yousra				t	t	2024-09-24 17:39:23.083789+02
\.


--
-- Data for Name: core_customuser_groups; Type: TABLE DATA; Schema: public; Owner: ratazana
--

COPY public.core_customuser_groups (id, customuser_id, group_id) FROM stdin;
\.


--
-- Data for Name: core_customuser_user_permissions; Type: TABLE DATA; Schema: public; Owner: ratazana
--

COPY public.core_customuser_user_permissions (id, customuser_id, permission_id) FROM stdin;
\.


--
-- Data for Name: core_jersey; Type: TABLE DATA; Schema: public; Owner: ratazana
--

COPY public.core_jersey (id, brand, team, color, price, description, is_new_release, is_promoted, is_upcoming, season, country, image_path, original_price) FROM stdin;
14	Nike	Tottenham Hotspur Stadium Third	Enamel Green/Bicoastal/White	84.99	Two Swoosh logos. Two teams. One goal. Worn by both the men's and women's squads at Tottenham Hotspur, this shirt is all about growing the game we love. The double Swoosh design signifies the unity between both teams and points upwards to celebrate the rise of women's football. Together, we can inspire the next generation of athletes. Together we rise.	f	f	f	2024/2025	England	jerseys/Tottenham_Hotspur_2024_25_Stadium_Third_261.jpg	\N
1	Nike	Chelsea F.C. Stadium Away	Guava Ice/Team Orange/Rush Blue	84.99	Like other shirts from our Stadium collection, this one pairs replica design details with sweat-wicking fabric to give you a game-ready look inspired by your favourite team.	f	f	f	2024/2025	England	jerseys/Club_América_2022_23_Stadium_Third_275.jpg	\N
9	Nike	Brazil National Team	Dynamic Yellow/Lemon Chiffon/Green Spark	84.99	We updated the most iconic kit in the football world with an all-over print that celebrates Brazil's architecture, music and natural wonders. Look inside the shirt for a hidden detail celebrating national pride.	f	f	f	2024/2025	Brazil	jerseys/Brazil_2024_Stadium_Home_940.jpg	\N
4	Nike	Liverpool F.C. Match Home	Gym Red/White/Chrome Yellow	124.99	Our Match collection pairs authentic design details with lightweight, quick-drying technology to help keep the world's biggest football stars cool and comfortable on the pitch.	f	f	f	2024/2025	England	jerseys/Liverpool_F.C._2024_25_Match_Home_489.jpg	\N
8	Nike	Chelsea F.C. Match Home	Rush Blue/Team Orange/White	124.99	Our Match collection lets you wear exactly what the pros wear. We paired authentic design details with lightweight, quick-drying technology to help keep you cool and comfortable on the pitch.	f	f	f	2024/2025	England	jerseys/Chelsea_F.C._2024_25_Match_Home_539.jpg	\N
24	Nike	Paris Saint-Germain Match Third	Rust Pink/Black/Black	124.99	Worn by both the men's and women's squads at the PSG, this shirt is all about growing the game we love. The colour-changing logo signifies the unity between both teams and grows upwatds to celebrate the rise of women's football. Together, we can inspire the next generation of athletes. Together we rise.	t	f	f	2024/2025	France	jerseys/Paris_Saint-Germain_2024_25_Match_Third_334_GVTzqHP.jpg	\N
16	Nike	Club América Stadium Third	Sail/Black/Black	37.49	Like other shirts from our Stadium collection, this one pairs replica design details with sweat-wicking fabric to give you a game-ready look inspired by your favourite team.	f	f	f	2022/2023	Mexico	jerseys/Club_America_2022_23_Stadium_Third_53.jpg	\N
15	Nike	S.C. Corinthians Stadium Away	Black/Black	84.99	Like other shirts from our Stadium collection, this one pairs replica design details with sweat-wicking fabric to give you a game-ready look inspired by your favourite team.	f	f	f	2024/2025	Brazil	jerseys/S.C._Corinthians_2024_25_Stadium_Away_440.jpg	\N
13	Nike	F.C. Barcelona Match Home	Deep Royal Blue/Noble Red/Midnight Navy/Club Gold	124.99	Celebrate 125 years of F.C. Barcelona with a shirt that takes us back to when it all started. Inspired by the club's first kit, a half-and-half split of Barça's iconic colours returns with gold accents to honour the occasion. Other elements, like a hidden mark and a unique neckline, pay tribute to this special anniversary. Our Match collection lets you wear exactly what the pros wear. We paired authentic design details with lightweight, quick-drying technology to help keep you cool and comfortable on the pitch.	f	f	f	2024/2025	Spain	jerseys/F.C._Barcelona_2024_25_Match_Home_964.jpg	\N
10	Nike	England National Team	White/Blue Void	84.99	With a national squad as historic as England, tradition must be honoured. Their 2024/25 Home kit remains, as it always has, white. We accented the classic white kit, a staple going back to 1872, with striped sleeve cuffs and neck tape, honouring the singular style of the man who earned them their star in 1966.	f	f	f	2024/2025	England	jerseys/England_(Men's_Team)_2024_25_Stadium_Home_57.jpg	\N
18	Nike	F.C. Barcelona Stadium Away	Barely Volt/Barely Volt/Lime Blast/Old Royal	84.99	Two Swoosh logos. Two teams. One goal. Worn by both the men's and women's squads at F.C. Barcelona, this shirt is all about growing the game we love. The double Swoosh design signifies the unity between both teams and points upwards to celebrate the rise of women's football. Together, we can inspire the next generation of athletes. Together we rise.	f	f	f	2024/2025	Spain	jerseys/F_qMvyBf5.C._Barcelona_2024_25_Stadium_Third_43.jpg	\N
23	Nike	Paris Saint-Germain Stadium Fourth	Hemp/Obsidian/Sequoia/Rough Green	55.49	No description	f	t	f	2023/2024	France	jerseys/Paris_Saint-Germain_2023_24_Stadium_Fourth_112_I2Q2Pbu.jpg	\N
21	Nike	FFF (Men's Team) Stadium Away	White/Bright Blue/University Red/ Bright Blue	84.99	French fashion and the FFF collide in their 2024/25 Away kit. The design has classic pinstripes commonly found in fashion houses and also on France shirts from the 1980s and 200s. The oversized Cockerel crest continues the celebration of vintage shirts.	f	f	f	2024/2025	France	jerseys/FFF_Mens_Team_2024_25_Stadium_Away_9.jpg	\N
22	Nike	Liverpool F.C. Stadium Away	Black/Anthracite/Washed Teal/Sail	84.99	Like other shirts from our Stadium collection, this one pairs replica design details with sweat-wicking fabric to give you a game-ready look inspired by your favourite team	f	f	f	2024/2025	England	jerseys/Liverpool_F_IHtj2pP.C._2024_25_Stadium_Away_614.jpg	\N
20	Nike	F.C. Barcelona Match Away	Black/University Red/Hyper Royal/Black	124.99	Our Match collection lets you wear exactly what the pros wear. We paired authentic design details with lightweight, quick-drying technology to help keep you cool and comfortable on the pitch.	f	f	f	2024/2025	Spain	jerseys/F_n3Jsh7p.C._Barcelona_2024_25_Stadium_Away_62.jpg	\N
17	Nike	S.C. Corinthians Stadium Third	White/Black	84.99	Two Swoosh logos. Two teams. One goal. Worn by both the men's and women's squads at S.C. Corinthians, this shirt is all about growing the game we love. The double Swoosh design signifies the unity between both teams and points upwards to celebrate the rise of women's football. Together, we can inspire the next generation of athletes. Together we rise.	f	f	f	2024/2025	Brazil	jerseys/S_HVtuuGT.C._Corinthians_2024_25_Stadium_Third_105.jpg	\N
19	Nike	Chelsea F.C. Match Third	Anthracite/Black/Opti Yellow/Pink Prime	124.99	Two Swoosh logos. Two teams. One goal. Worn by both the men's and women's squads at Chelsea F.C., this shirt is all about growing the game we love. The double Swoosh design signifies the unity between both teams and points upwards to celebrate the rise of women's football. Together, we can inspire the next generation of athletes. Together we rise.	f	f	t	2024/2025	England	jerseys/Chelsea_F_W7UfDlS.C._2024_25_Match_Third_408.jpg	\N
\.


--
-- Data for Name: core_jerseyimage; Type: TABLE DATA; Schema: public; Owner: ratazana
--

COPY public.core_jerseyimage (id, image_path, jersey_id) FROM stdin;
7	jerseys/F_NjD4Tzm.C._Barcelona_2024_25_Match_Home_166.jpg	13
8	jerseys/F_EZDGVSl.C._Barcelona_2024_25_Match_Home_111.jpg	13
9	jerseys/England_Mens_Team_2024_25_Stadium_Home_84.jpg	10
10	jerseys/England_Mens_Team_2024_25_Stadium_Home_289.jpg	10
11	jerseys/Brazil_2024_Stadium_Home_36_nxSPrjz.jpg	9
12	jerseys/Brazil_2024_Stadium_Home_152_SxqUJ2C.jpg	9
13	jerseys/Chelsea_F_AGZuNFq.C._2024_25_Match_Home_14.jpg	8
14	jerseys/Chelsea_F_YyK3FfY.C._2024_25_Match_Home_399.jpg	8
15	jerseys/Liverpool_F_ooMvdsD.C._2024_25_Match_Home_477.jpg	4
16	jerseys/Liverpool_F_li7g57s.C._2024_25_Match_Home_725.jpg	4
17	jerseys/Chelsea_F_wjjmcPv.C._2024_25_Stadium_Away_155.jpg	1
19	jerseys/S_BKVVclv.C._Corinthians_2024_25_Stadium_Third_187.jpg	17
20	jerseys/S_bzhpASB.C._Corinthians_2024_25_Stadium_Third_363.jpg	17
21	jerseys/F_tueHmUp.C._Barcelona_2024_25_Stadium_Third_218.jpg	18
22	jerseys/F_STE64Z6.C._Barcelona_2024_25_Stadium_Third_796.jpg	18
23	jerseys/Chelsea_F_Ck1MHCe.C._2024_25_Match_Third_584.jpg	19
24	jerseys/Chelsea_F_XmSzi54.C._2024_25_Match_Third_393.jpg	19
1	jerseys/Club_America_2022_23_Stadium_Third_103.jpg	16
2	jerseys/Club_America_2022_23_Stadium_Third_138.jpg	16
58	jerseys/Chelsea_F_t9mlNNp.C._2024_25_Match_Third_1.jpg	19
5	jerseys/Tottenham_Hotspur_2024_25_Stadium_Third_4_ty8B1wY.jpg	14
6	jerseys/Tottenham_Hotspur_2024_25_Stadium_Third_147_s2Ti4h3.jpg	14
25	jerseys/F_ioMkplC.C._Barcelona_2024_25_Stadium_Away_628.jpg	20
26	jerseys/F_Hc2WvSj.C._Barcelona_2024_25_Stadium_Away_364.jpg	20
27	jerseys/FFF_Mens_Team_2024_25_Stadium_Away_9_LdBrCDN.jpg	21
28	jerseys/FFF_Mens_Team_2024_25_Stadium_Away_19.jpg	21
29	jerseys/Liverpool_F_RkMtc5M.C._2024_25_Stadium_Away_685.jpg	22
30	jerseys/Liverpool_F_kP4sXC2.C._2024_25_Stadium_Away_632.jpg	22
31	jerseys/Paris_Saint-Germain_2023_24_Stadium_Fourth_112_rQjpKLZ.jpg	23
32	jerseys/Paris_Saint-Germain_2023_24_Stadium_Fourth_602_arg5P26.jpg	23
33	jerseys/Paris_Saint-Germain_2024_25_Match_Third_950_dY5FMxk.jpg	24
34	jerseys/Paris_Saint-Germain_2024_25_Match_Third_828_kqSV6CI.jpg	24
59	jerseys/Chelsea_F_fWH872B.C._2024_25_Match_Third_15.jpg	19
3	jerseys/S_ft6zJ3q_BOIiBVB.C._Corinthians_2024_25_Stadium_Away_245.jpg	15
4	jerseys/S_6MNuZxD_GdgG5QG.C._Corinthians_2024_25_Stadium_Away_205.jpg	15
35	jerseys/Paris_Saint-Germain_2024_25_Match_Third_62_CyImr35.jpg	24
36	jerseys/Paris_Saint-Germain_2024_25_Match_Third_368_eFGWp5Q.jpg	24
37	jerseys/Paris_Saint-Germain_2024_25_Match_Third_401_8PD57Ri.jpg	24
38	jerseys/Paris_Saint-Germain_2024_25_Match_Third_890_BxuloDr.jpg	24
39	jerseys/Paris_Saint-Germain_2023_24_Stadium_Fourth_119_kV7T79c_7fNOdK4.jpg	23
40	jerseys/Paris_Saint-Germain_2023_24_Stadium_Fourth_25_bStMllo_amf12TY.jpg	23
41	jerseys/Paris_Saint-Germain_2023_24_Stadium_Fourth_145_hTWIb4X_5F0EtjT.jpg	23
42	jerseys/Paris_Saint-Germain_2023_24_Stadium_Fourth_10_NrIdcOt.jpg	23
43	jerseys/Liverpool_F_jiHf7AX.C._2024_25_Stadium_Away_85.jpg	22
44	jerseys/Liverpool_F_efywvfB.C._2024_25_Stadium_Away_86.jpg	22
46	jerseys/Liverpool_F_WxTlHmP.C._2024_25_Stadium_Away_97.jpg	22
47	jerseys/Liverpool_F_HJvNZMh.C._2024_25_Stadium_Away_104.jpg	22
48	jerseys/Liverpool_F_NkazF6w.C._2024_25_Stadium_Away_196.jpg	22
45	jerseys/Liverpool_F_ruyHHU9.C._2024_25_Stadium_Away_213.jpg	22
49	jerseys/FFF_Mens_Team_2024_25_Stadium_Away_16.jpg	21
50	jerseys/FFF_Mens_Team_2024_25_Stadium_Away_14.jpg	21
51	jerseys/FFF_Mens_Team_2024_25_Stadium_Away_129.jpg	21
52	jerseys/FFF_Mens_Team_2024_25_Stadium_Away_84.jpg	21
53	jerseys/F_tvr91JP.C._Barcelona_2024_25_Stadium_Away_14.jpg	20
54	jerseys/F_WeMtbfm.C._Barcelona_2024_25_Stadium_Away_30.jpg	20
55	jerseys/F_SPzHLOf.C._Barcelona_2024_25_Stadium_Away_34.jpg	20
56	jerseys/F_W5kpuJG.C._Barcelona_2024_25_Stadium_Away_16.jpg	20
57	jerseys/F_iWdpsCX.C._Barcelona_2024_25_Stadium_Away_52.jpg	20
60	jerseys/Chelsea_F_485I2mU.C._2024_25_Match_Third_104.jpg	19
61	jerseys/Chelsea_F_SbU2LK8.C._2024_25_Match_Third_89.jpg	19
62	jerseys/F_qEB8r5J.C._Barcelona_2024_25_Stadium_Third_1.jpg	18
63	jerseys/F_opbiFWC.C._Barcelona_2024_25_Stadium_Third_49.jpg	18
64	jerseys/F_vonql0R.C._Barcelona_2024_25_Stadium_Third_151.jpg	18
65	jerseys/F_QkK3u43.C._Barcelona_2024_25_Stadium_Third_107.jpg	18
66	jerseys/F_4Psh8Yv.C._Barcelona_2024_25_Stadium_Third_187.jpg	18
67	jerseys/S_Ty5LATp.C._Corinthians_2024_25_Stadium_Third_164.jpg	17
68	jerseys/S_jCRKl1g.C._Corinthians_2024_25_Stadium_Third_55.jpg	17
69	jerseys/S_YXCVJEa.C._Corinthians_2024_25_Stadium_Third_148.jpg	17
70	jerseys/S_LN9YxJx.C._Corinthians_2024_25_Stadium_Third_505.jpg	17
71	jerseys/S_wd5tQ1w.C._Corinthians_2024_25_Stadium_Third_977.jpg	17
72	jerseys/Club_America_2022_23_Stadium_Third_101.jpg	16
73	jerseys/Club_America_2022_23_Stadium_Third_42.jpg	16
74	jerseys/Club_America_2022_23_Stadium_Third_163.jpg	16
75	jerseys/Club_America_2022_23_Stadium_Third_205.jpg	16
76	jerseys/Club_America_2022_23_Stadium_Third_2.jpg	16
77	jerseys/Club_America_2022_23_Stadium_Third_625.jpg	16
78	jerseys/S_TnaoFgK_qo8Lj7I.C._Corinthians_2024_25_Stadium_Away_357.jpg	15
79	jerseys/S_VG5h6AZ.C._Corinthians_2024_25_Stadium_Away_123.jpg	15
80	jerseys/S_KIEhMss.C._Corinthians_2024_25_Stadium_Away_246.jpg	15
81	jerseys/S_hzn8u7d.C._Corinthians_2024_25_Stadium_Away_648.jpg	15
82	jerseys/Tottenham_Hotspur_2024_25_Stadium_Third_51_iW87DD3.jpg	14
83	jerseys/Tottenham_Hotspur_2024_25_Stadium_Third_6_LMtwKf4.jpg	14
84	jerseys/Tottenham_Hotspur_2024_25_Stadium_Third_75_oeCW23N.jpg	14
85	jerseys/Tottenham_Hotspur_2024_25_Stadium_Third_453_JIaJyRu.jpg	14
86	jerseys/Tottenham_Hotspur_2024_25_Stadium_Third_930_2Vjsi0k.jpg	14
87	jerseys/F_rwUOMRM.C._Barcelona_2024_25_Match_Home_257.jpg	13
88	jerseys/F_t9UzVqW.C._Barcelona_2024_25_Match_Home_348.jpg	13
89	jerseys/F_kBQGGnV.C._Barcelona_2024_25_Match_Home_589.jpg	13
90	jerseys/F_RttmYyA.C._Barcelona_2024_25_Match_Home_50.jpg	13
91	jerseys/F_7G87AHv.C._Barcelona_2024_25_Match_Home_644.jpg	13
92	jerseys/F_oTmnYeg.C._Barcelona_2024_25_Match_Home_783.jpg	13
93	jerseys/England_Mens_Team_2024_25_Stadium_Home_23.jpg	10
94	jerseys/England_Mens_Team_2024_25_Stadium_Home_21.jpg	10
95	jerseys/England_Mens_Team_2024_25_Stadium_Home_158.jpg	10
96	jerseys/England_Mens_Team_2024_25_Stadium_Home_170.jpg	10
97	jerseys/England_Mens_Team_2024_25_Stadium_Home_220.jpg	10
98	jerseys/Brazil_2024_Stadium_Home_84_7bExhuA.jpg	9
99	jerseys/Brazil_2024_Stadium_Home_414_qYuc9F9.jpg	9
100	jerseys/Chelsea_F_xr7XDVu.C._2024_25_Match_Home_9.jpg	8
101	jerseys/Chelsea_F_lv6efBI.C._2024_25_Match_Home_64.jpg	8
102	jerseys/Chelsea_F_n7utOkr.C._2024_25_Match_Home_212.jpg	8
103	jerseys/Chelsea_F_kmWmtSI.C._2024_25_Match_Home_559.jpg	8
104	jerseys/Liverpool_F_k80mnIE.C._2024_25_Match_Home_26.jpg	4
105	jerseys/Liverpool_F_GqsCk9x.C._2024_25_Match_Home_32.jpg	4
106	jerseys/Liverpool_F_5rEFpko.C._2024_25_Match_Home_109.jpg	4
107	jerseys/Liverpool_F_kP2gSMI.C._2024_25_Match_Home_100.jpg	4
108	jerseys/Liverpool_F_NVNuB73.C._2024_25_Match_Home_44.jpg	4
109	jerseys/Liverpool_F_2MEJzAY.C._2024_25_Match_Home_558.jpg	4
110	jerseys/Liverpool_F_5wltbbK.C._2024_25_Match_Home_92.jpg	4
18	jerseys/Chelsea_F_isgKxIR.C._2024_25_Stadium_Away_135.jpg	1
111	jerseys/Chelsea_F_ch7OIwy.C._2024_25_Stadium_Away_42.jpg	1
112	jerseys/Chelsea_F_YwgFAfX.C._2024_25_Stadium_Away_41.jpg	1
113	jerseys/Chelsea_F_XhZrECB.C._2024_25_Stadium_Away_97.jpg	1
114	jerseys/Chelsea_F_fqVbA1p.C._2024_25_Stadium_Away_223.jpg	1
\.


--
-- Data for Name: core_like; Type: TABLE DATA; Schema: public; Owner: ratazana
--

COPY public.core_like (id, jersey_id, user_id) FROM stdin;
\.


--
-- Data for Name: core_pricehistory; Type: TABLE DATA; Schema: public; Owner: ratazana
--

COPY public.core_pricehistory (id, price, date, jersey_id) FROM stdin;
\.


--
-- Data for Name: django_admin_log; Type: TABLE DATA; Schema: public; Owner: ratazana
--

COPY public.django_admin_log (id, action_time, object_id, object_repr, action_flag, change_message, content_type_id, user_id) FROM stdin;
1	2024-09-27 14:25:52.444772+02	3	Nike - Chelsea F.C	2	[{"changed": {"fields": ["Team"]}}]	7	1
2	2024-10-01 14:01:05.355853+02	16	Nike - Club América	2	[]	7	1
3	2024-10-01 14:01:19.62819+02	16	Nike - Club América	2	[{"changed": {"fields": ["Country"]}}]	7	1
4	2024-10-01 14:01:27.362699+02	15	Nike - Sport Club Corinthians Paulista	2	[{"changed": {"fields": ["Country"]}}]	7	1
5	2024-10-01 14:16:17.425047+02	16	Nike - Club América	2	[{"changed": {"fields": ["Season"]}}]	7	1
6	2024-10-01 14:16:27.61354+02	15	Nike - Sport Club Corinthians Paulista	2	[{"changed": {"fields": ["Season"]}}]	7	1
7	2024-10-01 14:16:32.624297+02	14	Nike - Tottenham Hotspur	2	[{"changed": {"fields": ["Season"]}}]	7	1
8	2024-10-01 14:16:48.469755+02	13	Nike - F.C. Barcelona	2	[{"changed": {"fields": ["Team", "Season"]}}]	7	1
9	2024-10-01 14:17:09.108703+02	12	Nike - Liverpool F.C.	2	[{"changed": {"fields": ["Team", "Country", "Season"]}}]	7	1
10	2024-10-01 14:17:15.75209+02	11	Nike - Inter Milan	2	[{"changed": {"fields": ["Season"]}}]	7	1
11	2024-10-01 14:17:21.838172+02	10	Nike - England National Team	2	[{"changed": {"fields": ["Season"]}}]	7	1
12	2024-10-01 14:17:30.738624+02	9	Nike - Brazil National Team	2	[{"changed": {"fields": ["Season"]}}]	7	1
13	2024-10-01 14:17:40.983162+02	8	Nike - Chelsea F.C.	2	[{"changed": {"fields": ["Country", "Season"]}}]	7	1
14	2024-10-01 14:17:48.341416+02	6	Nike - Corinthians	2	[{"changed": {"fields": ["Season"]}}]	7	1
15	2024-10-01 14:17:56.641748+02	5	Nike - Tottenham	2	[{"changed": {"fields": ["Season"]}}]	7	1
16	2024-10-01 14:18:03.990369+02	4	Nike - Liverpool F.C.	2	[{"changed": {"fields": ["Season"]}}]	7	1
17	2024-10-01 14:18:22.013275+02	3	Nike - Chelsea F.C.	2	[{"changed": {"fields": ["Team", "Country", "Season"]}}]	7	1
18	2024-10-01 14:18:34.937276+02	2	Nike - N/A	3		7	1
19	2024-10-01 14:18:58.004069+02	1	Nike - Chelsea F.C.	2	[{"changed": {"fields": ["Team", "Country", "Season"]}}]	7	1
20	2024-10-01 14:19:04.223889+02	1	Nike - Chelsea F.C.	2	[]	7	1
21	2024-10-01 14:28:09.179445+02	7	Nike - F.C. Barcelona	2	[{"changed": {"fields": ["Season"]}}]	7	1
22	2024-10-01 20:00:09.19931+02	16	Nike - Club América	2	[{"changed": {"fields": ["Image path"]}}]	7	1
23	2024-10-02 10:03:37.621659+02	16	Nike - Club América	2	[{"added": {"name": "jersey image", "object": "Club Am\\u00e9rica Image"}}, {"added": {"name": "jersey image", "object": "Club Am\\u00e9rica Image"}}]	7	1
24	2024-10-02 10:05:38.688128+02	15	Nike - Sport Club Corinthians Paulista	2	[{"added": {"name": "jersey image", "object": "Sport Club Corinthians Paulista Image"}}, {"added": {"name": "jersey image", "object": "Sport Club Corinthians Paulista Image"}}]	7	1
25	2024-10-02 10:06:44.073714+02	14	Nike - Tottenham Hotspur	2	[{"added": {"name": "jersey image", "object": "Tottenham Hotspur Image"}}, {"added": {"name": "jersey image", "object": "Tottenham Hotspur Image"}}]	7	1
26	2024-10-02 10:07:23.174764+02	13	Nike - F.C. Barcelona	2	[{"added": {"name": "jersey image", "object": "F.C. Barcelona Image"}}, {"added": {"name": "jersey image", "object": "F.C. Barcelona Image"}}]	7	1
27	2024-10-02 10:08:18.525148+02	10	Nike - England National Team	2	[{"added": {"name": "jersey image", "object": "England National Team Image"}}, {"added": {"name": "jersey image", "object": "England National Team Image"}}]	7	1
28	2024-10-02 10:08:45.591732+02	9	Nike - Brazil National Team	2	[{"added": {"name": "jersey image", "object": "Brazil National Team Image"}}, {"added": {"name": "jersey image", "object": "Brazil National Team Image"}}]	7	1
29	2024-10-02 10:09:20.862052+02	8	Nike - Chelsea F.C.	2	[{"added": {"name": "jersey image", "object": "Chelsea F.C. Image"}}, {"added": {"name": "jersey image", "object": "Chelsea F.C. Image"}}]	7	1
30	2024-10-02 10:10:25.406863+02	4	Nike - Liverpool F.C.	2	[{"added": {"name": "jersey image", "object": "Liverpool F.C. Image"}}, {"added": {"name": "jersey image", "object": "Liverpool F.C. Image"}}]	7	1
31	2024-10-02 10:11:32.066043+02	1	Nike - Chelsea F.C.	2	[{"added": {"name": "jersey image", "object": "Chelsea F.C. Image"}}, {"added": {"name": "jersey image", "object": "Chelsea F.C. Image"}}]	7	1
32	2024-10-02 10:12:11.285615+02	16	Nike - Club América Stadium Third	2	[{"changed": {"fields": ["Team", "Season"]}}]	7	1
33	2024-10-02 10:13:01.727144+02	15	Nike - S.C. Corinthians Stadium Away	2	[{"changed": {"fields": ["Team"]}}]	7	1
34	2024-10-02 10:15:30.379534+02	17	Nike - S.C Corinthians Stadium Third	1	[{"added": {}}, {"added": {"name": "jersey image", "object": "S.C Corinthians Stadium Third Image"}}, {"added": {"name": "jersey image", "object": "S.C Corinthians Stadium Third Image"}}]	7	1
35	2024-10-02 10:18:23.30368+02	8	Nike - Chelsea F.C. Match Home	2	[{"changed": {"fields": ["Team"]}}]	7	1
36	2024-10-02 10:18:54.261927+02	1	Nike - Chelsea F.C. Stadium Away	2	[{"changed": {"fields": ["Team"]}}]	7	1
37	2024-10-02 10:19:38.787145+02	4	Nike - Liverpool F.C. Match Home	2	[{"changed": {"fields": ["Team", "Country"]}}]	7	1
38	2024-10-02 10:20:10.992839+02	13	Nike - F.C. Barcelona Match Away	2	[{"changed": {"fields": ["Team"]}}]	7	1
39	2024-10-02 10:24:22.466386+02	18	Nike - F.C. Barcelona Stadium Away	1	[{"added": {}}, {"added": {"name": "jersey image", "object": "F.C. Barcelona Stadium Away Image"}}, {"added": {"name": "jersey image", "object": "F.C. Barcelona Stadium Away Image"}}]	7	1
40	2024-10-02 10:26:12.755799+02	14	Nike - Tottenham Hotspur Stadium Third	2	[{"changed": {"fields": ["Team"]}}]	7	1
41	2024-10-02 10:30:52.107453+02	19	Nike - Chelsea F.C. Match Third	1	[{"added": {}}, {"added": {"name": "jersey image", "object": "Chelsea F.C. Match Third Image"}}, {"added": {"name": "jersey image", "object": "Chelsea F.C. Match Third Image"}}]	7	1
42	2024-10-02 10:31:31.577707+02	19	Nike - Chelsea F.C. Match Third	2	[{"changed": {"fields": ["Description"]}}]	7	1
43	2024-10-02 10:32:35.824204+02	17	Nike - S.C. Corinthians Stadium Third	2	[{"changed": {"fields": ["Team"]}}]	7	1
44	2024-10-02 10:52:50.915594+02	16	Nike - Club América Stadium Third	2	[{"changed": {"name": "jersey image", "object": "Club Am\\u00e9rica Stadium Third Image", "fields": ["Image path"]}}, {"changed": {"name": "jersey image", "object": "Club Am\\u00e9rica Stadium Third Image", "fields": ["Image path"]}}]	7	1
45	2024-10-02 10:53:21.393793+02	14	Nike - Tottenham Hotspur Stadium Third	2	[{"changed": {"name": "jersey image", "object": "Tottenham Hotspur Stadium Third Image", "fields": ["Image path"]}}]	7	1
46	2024-10-02 10:53:56.274811+02	14	Nike - Tottenham Hotspur Stadium Third	2	[{"changed": {"name": "jersey image", "object": "Tottenham Hotspur Stadium Third Image", "fields": ["Image path"]}}, {"changed": {"name": "jersey image", "object": "Tottenham Hotspur Stadium Third Image", "fields": ["Image path"]}}]	7	1
47	2024-10-02 11:15:24.124035+02	13	Nike - F.C. Barcelona Stadium Home	2	[{"changed": {"fields": ["Team"]}}]	7	1
48	2024-10-02 11:15:42.925405+02	13	Nike - F.C. Barcelona Match Home	2	[{"changed": {"fields": ["Team"]}}]	7	1
49	2024-10-02 11:17:24.058349+02	20	Nike - F.C. Barcelona Match Away	1	[{"added": {}}, {"added": {"name": "jersey image", "object": "F.C. Barcelona Match Away Image"}}, {"added": {"name": "jersey image", "object": "F.C. Barcelona Match Away Image"}}]	7	1
50	2024-10-02 11:23:22.984797+02	21	Nike - FFF (Men's Team) Stadium Away	1	[{"added": {}}, {"added": {"name": "jersey image", "object": "FFF (Men's Team) Stadium Away Image"}}, {"added": {"name": "jersey image", "object": "FFF (Men's Team) Stadium Away Image"}}]	7	1
51	2024-10-02 11:29:49.804527+02	22	Nike - Liverpool F.C. Stadium Away	1	[{"added": {}}, {"added": {"name": "jersey image", "object": "Liverpool F.C. Stadium Away Image"}}, {"added": {"name": "jersey image", "object": "Liverpool F.C. Stadium Away Image"}}]	7	1
52	2024-10-02 11:32:19.33403+02	23	Nike - Paris Saint-Germain Stadium Fourth	1	[{"added": {}}, {"added": {"name": "jersey image", "object": "Paris Saint-Germain Stadium Fourth Image"}}, {"added": {"name": "jersey image", "object": "Paris Saint-Germain Stadium Fourth Image"}}]	7	1
53	2024-10-02 11:36:08.930909+02	24	Nike - Paris Saint-Germain Match Third	1	[{"added": {}}, {"added": {"name": "jersey image", "object": "Paris Saint-Germain Match Third Image"}}, {"added": {"name": "jersey image", "object": "Paris Saint-Germain Match Third Image"}}]	7	1
54	2024-10-02 11:43:39.264194+02	20	Nike - F.C. Barcelona Match Away	2	[{"changed": {"fields": ["Season"]}}]	7	1
55	2024-10-02 13:13:14.694619+02	19	Nike - Chelsea F.C. Match Third	2	[{"changed": {"fields": ["Is upcoming"]}}]	7	1
56	2024-10-02 18:03:20.467004+02	24	Nike - Paris Saint-Germain Match Third	2	[]	7	1
57	2024-10-03 13:19:01.953897+02	15	Nike - S.C. Corinthians Stadium Away	2	[{"changed": {"name": "jersey image", "object": "S.C. Corinthians Stadium Away Image", "fields": ["Image path"]}}]	7	1
58	2024-10-03 13:19:48.790931+02	15	Nike - S.C. Corinthians Stadium Away	2	[{"changed": {"name": "jersey image", "object": "S.C. Corinthians Stadium Away Image", "fields": ["Image path"]}}, {"changed": {"name": "jersey image", "object": "S.C. Corinthians Stadium Away Image", "fields": ["Image path"]}}]	7	1
59	2024-10-03 13:38:38.871854+02	24	Nike - Paris Saint-Germain Match Third	2	[{"added": {"name": "jersey image", "object": "Paris Saint-Germain Match Third Image"}}, {"added": {"name": "jersey image", "object": "Paris Saint-Germain Match Third Image"}}, {"added": {"name": "jersey image", "object": "Paris Saint-Germain Match Third Image"}}]	7	1
60	2024-10-03 13:39:32.872316+02	24	Nike - Paris Saint-Germain Match Third	2	[{"added": {"name": "jersey image", "object": "Paris Saint-Germain Match Third Image"}}, {"changed": {"name": "jersey image", "object": "Paris Saint-Germain Match Third Image", "fields": ["Image path"]}}, {"changed": {"name": "jersey image", "object": "Paris Saint-Germain Match Third Image", "fields": ["Image path"]}}, {"changed": {"name": "jersey image", "object": "Paris Saint-Germain Match Third Image", "fields": ["Image path"]}}]	7	1
61	2024-10-03 13:40:57.900865+02	23	Nike - Paris Saint-Germain Stadium Fourth	2	[{"added": {"name": "jersey image", "object": "Paris Saint-Germain Stadium Fourth Image"}}, {"added": {"name": "jersey image", "object": "Paris Saint-Germain Stadium Fourth Image"}}, {"added": {"name": "jersey image", "object": "Paris Saint-Germain Stadium Fourth Image"}}, {"added": {"name": "jersey image", "object": "Paris Saint-Germain Stadium Fourth Image"}}]	7	1
62	2024-10-03 13:42:24.353937+02	22	Nike - Liverpool F.C. Stadium Away	2	[{"added": {"name": "jersey image", "object": "Liverpool F.C. Stadium Away Image"}}, {"added": {"name": "jersey image", "object": "Liverpool F.C. Stadium Away Image"}}, {"added": {"name": "jersey image", "object": "Liverpool F.C. Stadium Away Image"}}, {"added": {"name": "jersey image", "object": "Liverpool F.C. Stadium Away Image"}}, {"added": {"name": "jersey image", "object": "Liverpool F.C. Stadium Away Image"}}, {"added": {"name": "jersey image", "object": "Liverpool F.C. Stadium Away Image"}}]	7	1
63	2024-10-03 13:43:37.898341+02	22	Nike - Liverpool F.C. Stadium Away	2	[{"changed": {"name": "jersey image", "object": "Liverpool F.C. Stadium Away Image", "fields": ["Image path"]}}]	7	1
64	2024-10-03 13:45:06.411036+02	21	Nike - FFF (Men's Team) Stadium Away	2	[{"added": {"name": "jersey image", "object": "FFF (Men's Team) Stadium Away Image"}}, {"added": {"name": "jersey image", "object": "FFF (Men's Team) Stadium Away Image"}}, {"added": {"name": "jersey image", "object": "FFF (Men's Team) Stadium Away Image"}}, {"added": {"name": "jersey image", "object": "FFF (Men's Team) Stadium Away Image"}}]	7	1
65	2024-10-03 13:46:17.575009+02	20	Nike - F.C. Barcelona Match Away	2	[{"added": {"name": "jersey image", "object": "F.C. Barcelona Match Away Image"}}, {"added": {"name": "jersey image", "object": "F.C. Barcelona Match Away Image"}}, {"added": {"name": "jersey image", "object": "F.C. Barcelona Match Away Image"}}, {"added": {"name": "jersey image", "object": "F.C. Barcelona Match Away Image"}}, {"added": {"name": "jersey image", "object": "F.C. Barcelona Match Away Image"}}]	7	1
66	2024-10-03 13:47:17.853034+02	19	Nike - Chelsea F.C. Match Third	2	[{"added": {"name": "jersey image", "object": "Chelsea F.C. Match Third Image"}}, {"added": {"name": "jersey image", "object": "Chelsea F.C. Match Third Image"}}, {"added": {"name": "jersey image", "object": "Chelsea F.C. Match Third Image"}}, {"added": {"name": "jersey image", "object": "Chelsea F.C. Match Third Image"}}]	7	1
67	2024-10-03 13:48:20.792213+02	18	Nike - F.C. Barcelona Stadium Away	2	[{"added": {"name": "jersey image", "object": "F.C. Barcelona Stadium Away Image"}}, {"added": {"name": "jersey image", "object": "F.C. Barcelona Stadium Away Image"}}, {"added": {"name": "jersey image", "object": "F.C. Barcelona Stadium Away Image"}}, {"added": {"name": "jersey image", "object": "F.C. Barcelona Stadium Away Image"}}, {"added": {"name": "jersey image", "object": "F.C. Barcelona Stadium Away Image"}}]	7	1
68	2024-10-03 13:49:43.714923+02	17	Nike - S.C. Corinthians Stadium Third	2	[{"added": {"name": "jersey image", "object": "S.C. Corinthians Stadium Third Image"}}, {"added": {"name": "jersey image", "object": "S.C. Corinthians Stadium Third Image"}}, {"added": {"name": "jersey image", "object": "S.C. Corinthians Stadium Third Image"}}, {"added": {"name": "jersey image", "object": "S.C. Corinthians Stadium Third Image"}}, {"added": {"name": "jersey image", "object": "S.C. Corinthians Stadium Third Image"}}]	7	1
69	2024-10-03 13:51:20.804542+02	16	Nike - Club América Stadium Third	2	[{"added": {"name": "jersey image", "object": "Club Am\\u00e9rica Stadium Third Image"}}, {"added": {"name": "jersey image", "object": "Club Am\\u00e9rica Stadium Third Image"}}, {"added": {"name": "jersey image", "object": "Club Am\\u00e9rica Stadium Third Image"}}, {"added": {"name": "jersey image", "object": "Club Am\\u00e9rica Stadium Third Image"}}, {"added": {"name": "jersey image", "object": "Club Am\\u00e9rica Stadium Third Image"}}, {"added": {"name": "jersey image", "object": "Club Am\\u00e9rica Stadium Third Image"}}]	7	1
70	2024-10-03 13:52:54.885938+02	15	Nike - S.C. Corinthians Stadium Away	2	[{"added": {"name": "jersey image", "object": "S.C. Corinthians Stadium Away Image"}}, {"added": {"name": "jersey image", "object": "S.C. Corinthians Stadium Away Image"}}, {"added": {"name": "jersey image", "object": "S.C. Corinthians Stadium Away Image"}}, {"added": {"name": "jersey image", "object": "S.C. Corinthians Stadium Away Image"}}]	7	1
71	2024-10-03 13:54:05.950649+02	14	Nike - Tottenham Hotspur Stadium Third	2	[{"added": {"name": "jersey image", "object": "Tottenham Hotspur Stadium Third Image"}}, {"added": {"name": "jersey image", "object": "Tottenham Hotspur Stadium Third Image"}}, {"added": {"name": "jersey image", "object": "Tottenham Hotspur Stadium Third Image"}}, {"added": {"name": "jersey image", "object": "Tottenham Hotspur Stadium Third Image"}}, {"added": {"name": "jersey image", "object": "Tottenham Hotspur Stadium Third Image"}}]	7	1
72	2024-10-03 13:55:58.357264+02	13	Nike - F.C. Barcelona Match Home	2	[{"added": {"name": "jersey image", "object": "F.C. Barcelona Match Home Image"}}, {"added": {"name": "jersey image", "object": "F.C. Barcelona Match Home Image"}}, {"added": {"name": "jersey image", "object": "F.C. Barcelona Match Home Image"}}, {"added": {"name": "jersey image", "object": "F.C. Barcelona Match Home Image"}}, {"added": {"name": "jersey image", "object": "F.C. Barcelona Match Home Image"}}, {"added": {"name": "jersey image", "object": "F.C. Barcelona Match Home Image"}}]	7	1
73	2024-10-03 13:57:45.091033+02	10	Nike - England National Team	2	[{"added": {"name": "jersey image", "object": "England National Team Image"}}, {"added": {"name": "jersey image", "object": "England National Team Image"}}, {"added": {"name": "jersey image", "object": "England National Team Image"}}, {"added": {"name": "jersey image", "object": "England National Team Image"}}, {"added": {"name": "jersey image", "object": "England National Team Image"}}]	7	1
74	2024-10-03 13:58:22.300916+02	9	Nike - Brazil National Team	2	[{"added": {"name": "jersey image", "object": "Brazil National Team Image"}}, {"added": {"name": "jersey image", "object": "Brazil National Team Image"}}]	7	1
75	2024-10-03 13:59:35.78904+02	8	Nike - Chelsea F.C. Match Home	2	[{"added": {"name": "jersey image", "object": "Chelsea F.C. Match Home Image"}}, {"added": {"name": "jersey image", "object": "Chelsea F.C. Match Home Image"}}, {"added": {"name": "jersey image", "object": "Chelsea F.C. Match Home Image"}}, {"added": {"name": "jersey image", "object": "Chelsea F.C. Match Home Image"}}]	7	1
76	2024-10-03 14:02:10.442564+02	4	Nike - Liverpool F.C. Match Home	2	[{"added": {"name": "jersey image", "object": "Liverpool F.C. Match Home Image"}}, {"added": {"name": "jersey image", "object": "Liverpool F.C. Match Home Image"}}, {"added": {"name": "jersey image", "object": "Liverpool F.C. Match Home Image"}}, {"added": {"name": "jersey image", "object": "Liverpool F.C. Match Home Image"}}, {"added": {"name": "jersey image", "object": "Liverpool F.C. Match Home Image"}}, {"added": {"name": "jersey image", "object": "Liverpool F.C. Match Home Image"}}, {"added": {"name": "jersey image", "object": "Liverpool F.C. Match Home Image"}}]	7	1
77	2024-10-03 14:03:04.079269+02	4	Nike - Liverpool F.C. Match Home	2	[{"changed": {"name": "jersey image", "object": "Liverpool F.C. Match Home Image", "fields": ["Image path"]}}]	7	1
78	2024-10-03 14:04:58.15692+02	1	Nike - Chelsea F.C. Stadium Away	2	[{"added": {"name": "jersey image", "object": "Chelsea F.C. Stadium Away Image"}}, {"added": {"name": "jersey image", "object": "Chelsea F.C. Stadium Away Image"}}, {"added": {"name": "jersey image", "object": "Chelsea F.C. Stadium Away Image"}}, {"added": {"name": "jersey image", "object": "Chelsea F.C. Stadium Away Image"}}, {"changed": {"name": "jersey image", "object": "Chelsea F.C. Stadium Away Image", "fields": ["Image path"]}}]	7	1
\.


--
-- Data for Name: django_content_type; Type: TABLE DATA; Schema: public; Owner: ratazana
--

COPY public.django_content_type (id, app_label, model) FROM stdin;
1	admin	logentry
2	auth	permission
3	auth	group
4	contenttypes	contenttype
5	sessions	session
6	core	customuser
7	core	jersey
8	core	pricehistory
9	core	like
10	core	alert
11	authtoken	token
12	authtoken	tokenproxy
13	account	emailaddress
14	account	emailconfirmation
15	socialaccount	socialaccount
16	socialaccount	socialapp
17	socialaccount	socialtoken
18	jerseys	jersey
19	sites	site
20	core	jerseyimage
\.


--
-- Data for Name: django_migrations; Type: TABLE DATA; Schema: public; Owner: ratazana
--

COPY public.django_migrations (id, app, name, applied) FROM stdin;
1	contenttypes	0001_initial	2024-09-24 17:33:26.584583+02
2	contenttypes	0002_remove_content_type_name	2024-09-24 17:33:26.59098+02
3	auth	0001_initial	2024-09-24 17:33:26.652854+02
4	auth	0002_alter_permission_name_max_length	2024-09-24 17:33:26.656501+02
5	auth	0003_alter_user_email_max_length	2024-09-24 17:33:26.659552+02
6	auth	0004_alter_user_username_opts	2024-09-24 17:33:26.662248+02
7	auth	0005_alter_user_last_login_null	2024-09-24 17:33:26.664903+02
8	auth	0006_require_contenttypes_0002	2024-09-24 17:33:26.665669+02
9	auth	0007_alter_validators_add_error_messages	2024-09-24 17:33:26.668307+02
10	auth	0008_alter_user_username_max_length	2024-09-24 17:33:26.67072+02
11	auth	0009_alter_user_last_name_max_length	2024-09-24 17:33:26.673235+02
12	auth	0010_alter_group_name_max_length	2024-09-24 17:33:26.678874+02
13	auth	0011_update_proxy_permissions	2024-09-24 17:33:26.681727+02
14	auth	0012_alter_user_first_name_max_length	2024-09-24 17:33:26.684538+02
15	core	0001_initial	2024-09-24 17:33:26.749648+02
16	account	0001_initial	2024-09-24 17:33:26.788421+02
17	account	0002_email_max_length	2024-09-24 17:33:26.795259+02
18	account	0003_alter_emailaddress_create_unique_verified_email	2024-09-24 17:33:26.806438+02
19	account	0004_alter_emailaddress_drop_unique_email	2024-09-24 17:33:26.832362+02
20	account	0005_emailaddress_idx_upper_email	2024-09-24 17:33:26.839684+02
21	account	0006_emailaddress_lower	2024-09-24 17:33:26.848619+02
22	account	0007_emailaddress_idx_email	2024-09-24 17:33:26.858991+02
23	account	0008_emailaddress_unique_primary_email_fixup	2024-09-24 17:33:26.867908+02
33	jerseys	0001_initial	2024-09-24 17:33:26.952736+02
34	sessions	0001_initial	2024-09-24 17:33:26.971497+02
35	sites	0001_initial	2024-09-24 17:33:26.976583+02
36	sites	0002_alter_domain_unique	2024-09-24 17:33:26.981772+02
43	account	0009_emailaddress_unique_primary_email	2024-09-24 17:46:59.129808+02
44	admin	0001_initial	2024-09-24 17:46:59.161698+02
45	admin	0002_logentry_remove_auto_add	2024-09-24 17:46:59.167387+02
46	admin	0003_logentry_add_action_flag_choices	2024-09-24 17:46:59.173089+02
47	authtoken	0001_initial	2024-09-24 17:46:59.187039+02
48	authtoken	0002_auto_20160226_1747	2024-09-24 17:46:59.206306+02
49	authtoken	0003_tokenproxy	2024-09-24 17:46:59.20791+02
50	authtoken	0004_alter_tokenproxy_options	2024-09-24 17:46:59.210527+02
51	core	0002_alter_customuser_email_alter_customuser_username	2024-09-24 17:46:59.225561+02
52	socialaccount	0001_initial	2024-09-24 17:46:59.274179+02
53	socialaccount	0002_token_max_lengths	2024-09-24 17:46:59.29666+02
54	socialaccount	0003_extra_data_default_dict	2024-09-24 17:46:59.305106+02
55	socialaccount	0004_app_provider_id_settings	2024-09-24 17:46:59.334922+02
56	socialaccount	0005_socialtoken_nullable_app	2024-09-24 17:46:59.354153+02
57	socialaccount	0006_alter_socialaccount_extra_data	2024-09-24 17:46:59.366512+02
58	jerseys	0002_remove_jersey_team_jersey_description_jersey_image_and_more	2024-09-25 13:27:21.937164+02
59	jerseys	0003_remove_jersey_image_jersey_colour_alter_jersey_name_and_more	2024-09-26 11:02:52.098936+02
60	core	0003_jersey_description_jersey_is_new_release_and_more	2024-09-27 11:36:55.841561+02
61	core	0004_jersey_country	2024-09-27 14:18:22.282849+02
62	core	0005_alter_jersey_color	2024-09-27 14:52:07.187228+02
63	core	0006_jersey_image_url	2024-09-27 15:27:35.702289+02
64	core	0007_remove_jersey_image_url_jersey_image_path_and_more	2024-09-30 10:47:05.398144+02
65	core	0008_remove_jersey_name	2024-09-30 11:23:52.439042+02
66	core	0009_alter_jersey_image_path	2024-10-01 10:41:58.550768+02
67	core	0010_rename_image_path_jersey_image	2024-10-01 11:04:15.95028+02
68	core	0011_rename_image_jersey_image_path	2024-10-01 11:21:12.250511+02
69	core	0012_jerseyimage	2024-10-01 19:38:12.59459+02
70	core	0013_rename_image_jerseyimage_image_path	2024-10-01 19:42:51.626599+02
71	core	0014_jersey_original_price_jersey_sizes	2024-10-04 10:55:45.741809+02
73	core	0015_alter_jersey_original_price_alter_jersey_price	2024-10-04 10:58:49.548988+02
74	core	0016_alter_jersey_original_price	2024-10-04 10:59:43.822812+02
\.


--
-- Data for Name: django_session; Type: TABLE DATA; Schema: public; Owner: ratazana
--

COPY public.django_session (session_key, session_data, expire_date) FROM stdin;
ndrglehc09fetztya62te44rov9jdpl3	.eJxVjDsOwjAQBe_iGln-YXsp6XMGy7tr4wBKpDipEHeHSCmgfTPzXiLlbW1p62VJI4uL0OL0u2GmR5l2wPc83WZJ87QuI8pdkQftcpi5PK-H-3fQcm_fOlOxzBgxkjuHGMBRheoRgwevAbMzAGg0sTKGFRRF1hgPLlhfI1vx_gD44je7:1st86E:J-Ol252tQSaOKnNetNUXeBGEUqVx2cMmBEXhiM8WzQA	2024-10-08 18:09:14.663532+02
mhmc8mcoegq23p4stlk7lmkecckc5qz1	.eJxVjDsOwjAQBe_iGln-YXsp6XMGy7tr4wBKpDipEHeHSCmgfTPzXiLlbW1p62VJI4uL0OL0u2GmR5l2wPc83WZJ87QuI8pdkQftcpi5PK-H-3fQcm_fOlOxzBgxkjuHGMBRheoRgwevAbMzAGg0sTKGFRRF1hgPLlhfI1vx_gD44je7:1svh6l:IPT9WRGb9R899RkRHy2x0LO26cZ1Bz4wwOGjrOchXkQ	2024-10-15 19:56:23.650051+02
\.


--
-- Data for Name: django_site; Type: TABLE DATA; Schema: public; Owner: ratazana
--

COPY public.django_site (id, domain, name) FROM stdin;
1	example.com	example.com
\.


--
-- Data for Name: jerseys; Type: TABLE DATA; Schema: public; Owner: postgres
--

COPY public.jerseys (id, brand, team, price, image_url, created_at, size, season, color) FROM stdin;
\.


--
-- Data for Name: like_tables; Type: TABLE DATA; Schema: public; Owner: postgres
--

COPY public.like_tables (id, user_id, jersey_id, created_at) FROM stdin;
\.


--
-- Data for Name: prices_history; Type: TABLE DATA; Schema: public; Owner: postgres
--

COPY public.prices_history (id, jersey_id, date, price, source) FROM stdin;
\.


--
-- Data for Name: socialaccount_socialaccount; Type: TABLE DATA; Schema: public; Owner: ratazana
--

COPY public.socialaccount_socialaccount (id, provider, uid, last_login, date_joined, extra_data, user_id) FROM stdin;
\.


--
-- Data for Name: socialaccount_socialapp; Type: TABLE DATA; Schema: public; Owner: ratazana
--

COPY public.socialaccount_socialapp (id, provider, name, client_id, secret, key, provider_id, settings) FROM stdin;
\.


--
-- Data for Name: socialaccount_socialapp_sites; Type: TABLE DATA; Schema: public; Owner: ratazana
--

COPY public.socialaccount_socialapp_sites (id, socialapp_id, site_id) FROM stdin;
\.


--
-- Data for Name: socialaccount_socialtoken; Type: TABLE DATA; Schema: public; Owner: ratazana
--

COPY public.socialaccount_socialtoken (id, token, token_secret, expires_at, account_id, app_id) FROM stdin;
\.


--
-- Data for Name: users; Type: TABLE DATA; Schema: public; Owner: postgres
--

COPY public.users (id, username, email, password_hash, created_at) FROM stdin;
\.


--
-- Name: account_emailaddress_id_seq; Type: SEQUENCE SET; Schema: public; Owner: ratazana
--

SELECT pg_catalog.setval('public.account_emailaddress_id_seq', 1, false);


--
-- Name: account_emailconfirmation_id_seq; Type: SEQUENCE SET; Schema: public; Owner: ratazana
--

SELECT pg_catalog.setval('public.account_emailconfirmation_id_seq', 1, false);


--
-- Name: alerts_id_seq; Type: SEQUENCE SET; Schema: public; Owner: postgres
--

SELECT pg_catalog.setval('public.alerts_id_seq', 1, false);


--
-- Name: auth_group_id_seq; Type: SEQUENCE SET; Schema: public; Owner: ratazana
--

SELECT pg_catalog.setval('public.auth_group_id_seq', 1, false);


--
-- Name: auth_group_permissions_id_seq; Type: SEQUENCE SET; Schema: public; Owner: ratazana
--

SELECT pg_catalog.setval('public.auth_group_permissions_id_seq', 1, false);


--
-- Name: auth_permission_id_seq; Type: SEQUENCE SET; Schema: public; Owner: ratazana
--

SELECT pg_catalog.setval('public.auth_permission_id_seq', 80, true);


--
-- Name: core_alert_id_seq; Type: SEQUENCE SET; Schema: public; Owner: ratazana
--

SELECT pg_catalog.setval('public.core_alert_id_seq', 1, false);


--
-- Name: core_customuser_groups_id_seq; Type: SEQUENCE SET; Schema: public; Owner: ratazana
--

SELECT pg_catalog.setval('public.core_customuser_groups_id_seq', 1, false);


--
-- Name: core_customuser_id_seq; Type: SEQUENCE SET; Schema: public; Owner: ratazana
--

SELECT pg_catalog.setval('public.core_customuser_id_seq', 1, true);


--
-- Name: core_customuser_user_permissions_id_seq; Type: SEQUENCE SET; Schema: public; Owner: ratazana
--

SELECT pg_catalog.setval('public.core_customuser_user_permissions_id_seq', 1, false);


--
-- Name: core_jersey_id_seq; Type: SEQUENCE SET; Schema: public; Owner: ratazana
--

SELECT pg_catalog.setval('public.core_jersey_id_seq', 24, true);


--
-- Name: core_jerseyimage_id_seq; Type: SEQUENCE SET; Schema: public; Owner: ratazana
--

SELECT pg_catalog.setval('public.core_jerseyimage_id_seq', 114, true);


--
-- Name: core_like_id_seq; Type: SEQUENCE SET; Schema: public; Owner: ratazana
--

SELECT pg_catalog.setval('public.core_like_id_seq', 1, false);


--
-- Name: core_pricehistory_id_seq; Type: SEQUENCE SET; Schema: public; Owner: ratazana
--

SELECT pg_catalog.setval('public.core_pricehistory_id_seq', 1, false);


--
-- Name: django_admin_log_id_seq; Type: SEQUENCE SET; Schema: public; Owner: ratazana
--

SELECT pg_catalog.setval('public.django_admin_log_id_seq', 78, true);


--
-- Name: django_content_type_id_seq; Type: SEQUENCE SET; Schema: public; Owner: ratazana
--

SELECT pg_catalog.setval('public.django_content_type_id_seq', 20, true);


--
-- Name: django_migrations_id_seq; Type: SEQUENCE SET; Schema: public; Owner: ratazana
--

SELECT pg_catalog.setval('public.django_migrations_id_seq', 74, true);


--
-- Name: django_site_id_seq; Type: SEQUENCE SET; Schema: public; Owner: ratazana
--

SELECT pg_catalog.setval('public.django_site_id_seq', 1, true);


--
-- Name: jerseys_id_seq; Type: SEQUENCE SET; Schema: public; Owner: postgres
--

SELECT pg_catalog.setval('public.jerseys_id_seq', 1, false);


--
-- Name: like_tables_id_seq; Type: SEQUENCE SET; Schema: public; Owner: postgres
--

SELECT pg_catalog.setval('public.like_tables_id_seq', 1, false);


--
-- Name: prices_history_id_seq; Type: SEQUENCE SET; Schema: public; Owner: postgres
--

SELECT pg_catalog.setval('public.prices_history_id_seq', 1, false);


--
-- Name: socialaccount_socialaccount_id_seq; Type: SEQUENCE SET; Schema: public; Owner: ratazana
--

SELECT pg_catalog.setval('public.socialaccount_socialaccount_id_seq', 1, false);


--
-- Name: socialaccount_socialapp_id_seq; Type: SEQUENCE SET; Schema: public; Owner: ratazana
--

SELECT pg_catalog.setval('public.socialaccount_socialapp_id_seq', 1, false);


--
-- Name: socialaccount_socialapp_sites_id_seq; Type: SEQUENCE SET; Schema: public; Owner: ratazana
--

SELECT pg_catalog.setval('public.socialaccount_socialapp_sites_id_seq', 1, false);


--
-- Name: socialaccount_socialtoken_id_seq; Type: SEQUENCE SET; Schema: public; Owner: ratazana
--

SELECT pg_catalog.setval('public.socialaccount_socialtoken_id_seq', 1, false);


--
-- Name: users_id_seq; Type: SEQUENCE SET; Schema: public; Owner: postgres
--

SELECT pg_catalog.setval('public.users_id_seq', 1, false);


--
-- Name: account_emailaddress account_emailaddress_pkey; Type: CONSTRAINT; Schema: public; Owner: ratazana
--

ALTER TABLE ONLY public.account_emailaddress
    ADD CONSTRAINT account_emailaddress_pkey PRIMARY KEY (id);


--
-- Name: account_emailaddress account_emailaddress_user_id_email_987c8728_uniq; Type: CONSTRAINT; Schema: public; Owner: ratazana
--

ALTER TABLE ONLY public.account_emailaddress
    ADD CONSTRAINT account_emailaddress_user_id_email_987c8728_uniq UNIQUE (user_id, email);


--
-- Name: account_emailconfirmation account_emailconfirmation_key_key; Type: CONSTRAINT; Schema: public; Owner: ratazana
--

ALTER TABLE ONLY public.account_emailconfirmation
    ADD CONSTRAINT account_emailconfirmation_key_key UNIQUE (key);


--
-- Name: account_emailconfirmation account_emailconfirmation_pkey; Type: CONSTRAINT; Schema: public; Owner: ratazana
--

ALTER TABLE ONLY public.account_emailconfirmation
    ADD CONSTRAINT account_emailconfirmation_pkey PRIMARY KEY (id);


--
-- Name: alerts alerts_pkey; Type: CONSTRAINT; Schema: public; Owner: postgres
--

ALTER TABLE ONLY public.alerts
    ADD CONSTRAINT alerts_pkey PRIMARY KEY (id);


--
-- Name: auth_group auth_group_name_key; Type: CONSTRAINT; Schema: public; Owner: ratazana
--

ALTER TABLE ONLY public.auth_group
    ADD CONSTRAINT auth_group_name_key UNIQUE (name);


--
-- Name: auth_group_permissions auth_group_permissions_group_id_permission_id_0cd325b0_uniq; Type: CONSTRAINT; Schema: public; Owner: ratazana
--

ALTER TABLE ONLY public.auth_group_permissions
    ADD CONSTRAINT auth_group_permissions_group_id_permission_id_0cd325b0_uniq UNIQUE (group_id, permission_id);


--
-- Name: auth_group_permissions auth_group_permissions_pkey; Type: CONSTRAINT; Schema: public; Owner: ratazana
--

ALTER TABLE ONLY public.auth_group_permissions
    ADD CONSTRAINT auth_group_permissions_pkey PRIMARY KEY (id);


--
-- Name: auth_group auth_group_pkey; Type: CONSTRAINT; Schema: public; Owner: ratazana
--

ALTER TABLE ONLY public.auth_group
    ADD CONSTRAINT auth_group_pkey PRIMARY KEY (id);


--
-- Name: auth_permission auth_permission_content_type_id_codename_01ab375a_uniq; Type: CONSTRAINT; Schema: public; Owner: ratazana
--

ALTER TABLE ONLY public.auth_permission
    ADD CONSTRAINT auth_permission_content_type_id_codename_01ab375a_uniq UNIQUE (content_type_id, codename);


--
-- Name: auth_permission auth_permission_pkey; Type: CONSTRAINT; Schema: public; Owner: ratazana
--

ALTER TABLE ONLY public.auth_permission
    ADD CONSTRAINT auth_permission_pkey PRIMARY KEY (id);


--
-- Name: authtoken_token authtoken_token_pkey; Type: CONSTRAINT; Schema: public; Owner: ratazana
--

ALTER TABLE ONLY public.authtoken_token
    ADD CONSTRAINT authtoken_token_pkey PRIMARY KEY (key);


--
-- Name: authtoken_token authtoken_token_user_id_key; Type: CONSTRAINT; Schema: public; Owner: ratazana
--

ALTER TABLE ONLY public.authtoken_token
    ADD CONSTRAINT authtoken_token_user_id_key UNIQUE (user_id);


--
-- Name: core_alert core_alert_pkey; Type: CONSTRAINT; Schema: public; Owner: ratazana
--

ALTER TABLE ONLY public.core_alert
    ADD CONSTRAINT core_alert_pkey PRIMARY KEY (id);


--
-- Name: core_customuser core_customuser_email_e02ad5f6_uniq; Type: CONSTRAINT; Schema: public; Owner: ratazana
--

ALTER TABLE ONLY public.core_customuser
    ADD CONSTRAINT core_customuser_email_e02ad5f6_uniq UNIQUE (email);


--
-- Name: core_customuser_groups core_customuser_groups_customuser_id_group_id_7990e9c6_uniq; Type: CONSTRAINT; Schema: public; Owner: ratazana
--

ALTER TABLE ONLY public.core_customuser_groups
    ADD CONSTRAINT core_customuser_groups_customuser_id_group_id_7990e9c6_uniq UNIQUE (customuser_id, group_id);


--
-- Name: core_customuser_groups core_customuser_groups_pkey; Type: CONSTRAINT; Schema: public; Owner: ratazana
--

ALTER TABLE ONLY public.core_customuser_groups
    ADD CONSTRAINT core_customuser_groups_pkey PRIMARY KEY (id);


--
-- Name: core_customuser core_customuser_pkey; Type: CONSTRAINT; Schema: public; Owner: ratazana
--

ALTER TABLE ONLY public.core_customuser
    ADD CONSTRAINT core_customuser_pkey PRIMARY KEY (id);


--
-- Name: core_customuser_user_permissions core_customuser_user_per_customuser_id_permission_49ea742a_uniq; Type: CONSTRAINT; Schema: public; Owner: ratazana
--

ALTER TABLE ONLY public.core_customuser_user_permissions
    ADD CONSTRAINT core_customuser_user_per_customuser_id_permission_49ea742a_uniq UNIQUE (customuser_id, permission_id);


--
-- Name: core_customuser_user_permissions core_customuser_user_permissions_pkey; Type: CONSTRAINT; Schema: public; Owner: ratazana
--

ALTER TABLE ONLY public.core_customuser_user_permissions
    ADD CONSTRAINT core_customuser_user_permissions_pkey PRIMARY KEY (id);


--
-- Name: core_customuser core_customuser_username_key; Type: CONSTRAINT; Schema: public; Owner: ratazana
--

ALTER TABLE ONLY public.core_customuser
    ADD CONSTRAINT core_customuser_username_key UNIQUE (username);


--
-- Name: core_jersey core_jersey_pkey; Type: CONSTRAINT; Schema: public; Owner: ratazana
--

ALTER TABLE ONLY public.core_jersey
    ADD CONSTRAINT core_jersey_pkey PRIMARY KEY (id);


--
-- Name: core_jerseyimage core_jerseyimage_pkey; Type: CONSTRAINT; Schema: public; Owner: ratazana
--

ALTER TABLE ONLY public.core_jerseyimage
    ADD CONSTRAINT core_jerseyimage_pkey PRIMARY KEY (id);


--
-- Name: core_like core_like_pkey; Type: CONSTRAINT; Schema: public; Owner: ratazana
--

ALTER TABLE ONLY public.core_like
    ADD CONSTRAINT core_like_pkey PRIMARY KEY (id);


--
-- Name: core_pricehistory core_pricehistory_pkey; Type: CONSTRAINT; Schema: public; Owner: ratazana
--

ALTER TABLE ONLY public.core_pricehistory
    ADD CONSTRAINT core_pricehistory_pkey PRIMARY KEY (id);


--
-- Name: django_admin_log django_admin_log_pkey; Type: CONSTRAINT; Schema: public; Owner: ratazana
--

ALTER TABLE ONLY public.django_admin_log
    ADD CONSTRAINT django_admin_log_pkey PRIMARY KEY (id);


--
-- Name: django_content_type django_content_type_app_label_model_76bd3d3b_uniq; Type: CONSTRAINT; Schema: public; Owner: ratazana
--

ALTER TABLE ONLY public.django_content_type
    ADD CONSTRAINT django_content_type_app_label_model_76bd3d3b_uniq UNIQUE (app_label, model);


--
-- Name: django_content_type django_content_type_pkey; Type: CONSTRAINT; Schema: public; Owner: ratazana
--

ALTER TABLE ONLY public.django_content_type
    ADD CONSTRAINT django_content_type_pkey PRIMARY KEY (id);


--
-- Name: django_migrations django_migrations_pkey; Type: CONSTRAINT; Schema: public; Owner: ratazana
--

ALTER TABLE ONLY public.django_migrations
    ADD CONSTRAINT django_migrations_pkey PRIMARY KEY (id);


--
-- Name: django_session django_session_pkey; Type: CONSTRAINT; Schema: public; Owner: ratazana
--

ALTER TABLE ONLY public.django_session
    ADD CONSTRAINT django_session_pkey PRIMARY KEY (session_key);


--
-- Name: django_site django_site_domain_a2e37b91_uniq; Type: CONSTRAINT; Schema: public; Owner: ratazana
--

ALTER TABLE ONLY public.django_site
    ADD CONSTRAINT django_site_domain_a2e37b91_uniq UNIQUE (domain);


--
-- Name: django_site django_site_pkey; Type: CONSTRAINT; Schema: public; Owner: ratazana
--

ALTER TABLE ONLY public.django_site
    ADD CONSTRAINT django_site_pkey PRIMARY KEY (id);


--
-- Name: jerseys jerseys_pkey; Type: CONSTRAINT; Schema: public; Owner: postgres
--

ALTER TABLE ONLY public.jerseys
    ADD CONSTRAINT jerseys_pkey PRIMARY KEY (id);


--
-- Name: like_tables like_tables_pkey; Type: CONSTRAINT; Schema: public; Owner: postgres
--

ALTER TABLE ONLY public.like_tables
    ADD CONSTRAINT like_tables_pkey PRIMARY KEY (id);


--
-- Name: prices_history prices_history_pkey; Type: CONSTRAINT; Schema: public; Owner: postgres
--

ALTER TABLE ONLY public.prices_history
    ADD CONSTRAINT prices_history_pkey PRIMARY KEY (id);


--
-- Name: socialaccount_socialaccount socialaccount_socialaccount_pkey; Type: CONSTRAINT; Schema: public; Owner: ratazana
--

ALTER TABLE ONLY public.socialaccount_socialaccount
    ADD CONSTRAINT socialaccount_socialaccount_pkey PRIMARY KEY (id);


--
-- Name: socialaccount_socialaccount socialaccount_socialaccount_provider_uid_fc810c6e_uniq; Type: CONSTRAINT; Schema: public; Owner: ratazana
--

ALTER TABLE ONLY public.socialaccount_socialaccount
    ADD CONSTRAINT socialaccount_socialaccount_provider_uid_fc810c6e_uniq UNIQUE (provider, uid);


--
-- Name: socialaccount_socialapp_sites socialaccount_socialapp__socialapp_id_site_id_71a9a768_uniq; Type: CONSTRAINT; Schema: public; Owner: ratazana
--

ALTER TABLE ONLY public.socialaccount_socialapp_sites
    ADD CONSTRAINT socialaccount_socialapp__socialapp_id_site_id_71a9a768_uniq UNIQUE (socialapp_id, site_id);


--
-- Name: socialaccount_socialapp socialaccount_socialapp_pkey; Type: CONSTRAINT; Schema: public; Owner: ratazana
--

ALTER TABLE ONLY public.socialaccount_socialapp
    ADD CONSTRAINT socialaccount_socialapp_pkey PRIMARY KEY (id);


--
-- Name: socialaccount_socialapp_sites socialaccount_socialapp_sites_pkey; Type: CONSTRAINT; Schema: public; Owner: ratazana
--

ALTER TABLE ONLY public.socialaccount_socialapp_sites
    ADD CONSTRAINT socialaccount_socialapp_sites_pkey PRIMARY KEY (id);


--
-- Name: socialaccount_socialtoken socialaccount_socialtoken_app_id_account_id_fca4e0ac_uniq; Type: CONSTRAINT; Schema: public; Owner: ratazana
--

ALTER TABLE ONLY public.socialaccount_socialtoken
    ADD CONSTRAINT socialaccount_socialtoken_app_id_account_id_fca4e0ac_uniq UNIQUE (app_id, account_id);


--
-- Name: socialaccount_socialtoken socialaccount_socialtoken_pkey; Type: CONSTRAINT; Schema: public; Owner: ratazana
--

ALTER TABLE ONLY public.socialaccount_socialtoken
    ADD CONSTRAINT socialaccount_socialtoken_pkey PRIMARY KEY (id);


--
-- Name: users users_email_key; Type: CONSTRAINT; Schema: public; Owner: postgres
--

ALTER TABLE ONLY public.users
    ADD CONSTRAINT users_email_key UNIQUE (email);


--
-- Name: users users_pkey; Type: CONSTRAINT; Schema: public; Owner: postgres
--

ALTER TABLE ONLY public.users
    ADD CONSTRAINT users_pkey PRIMARY KEY (id);


--
-- Name: account_emailaddress_email_03be32b2; Type: INDEX; Schema: public; Owner: ratazana
--

CREATE INDEX account_emailaddress_email_03be32b2 ON public.account_emailaddress USING btree (email);


--
-- Name: account_emailaddress_email_03be32b2_like; Type: INDEX; Schema: public; Owner: ratazana
--

CREATE INDEX account_emailaddress_email_03be32b2_like ON public.account_emailaddress USING btree (email varchar_pattern_ops);


--
-- Name: account_emailaddress_user_id_2c513194; Type: INDEX; Schema: public; Owner: ratazana
--

CREATE INDEX account_emailaddress_user_id_2c513194 ON public.account_emailaddress USING btree (user_id);


--
-- Name: account_emailconfirmation_email_address_id_5b7f8c58; Type: INDEX; Schema: public; Owner: ratazana
--

CREATE INDEX account_emailconfirmation_email_address_id_5b7f8c58 ON public.account_emailconfirmation USING btree (email_address_id);


--
-- Name: account_emailconfirmation_key_f43612bd_like; Type: INDEX; Schema: public; Owner: ratazana
--

CREATE INDEX account_emailconfirmation_key_f43612bd_like ON public.account_emailconfirmation USING btree (key varchar_pattern_ops);


--
-- Name: auth_group_name_a6ea08ec_like; Type: INDEX; Schema: public; Owner: ratazana
--

CREATE INDEX auth_group_name_a6ea08ec_like ON public.auth_group USING btree (name varchar_pattern_ops);


--
-- Name: auth_group_permissions_group_id_b120cbf9; Type: INDEX; Schema: public; Owner: ratazana
--

CREATE INDEX auth_group_permissions_group_id_b120cbf9 ON public.auth_group_permissions USING btree (group_id);


--
-- Name: auth_group_permissions_permission_id_84c5c92e; Type: INDEX; Schema: public; Owner: ratazana
--

CREATE INDEX auth_group_permissions_permission_id_84c5c92e ON public.auth_group_permissions USING btree (permission_id);


--
-- Name: auth_permission_content_type_id_2f476e4b; Type: INDEX; Schema: public; Owner: ratazana
--

CREATE INDEX auth_permission_content_type_id_2f476e4b ON public.auth_permission USING btree (content_type_id);


--
-- Name: authtoken_token_key_10f0b77e_like; Type: INDEX; Schema: public; Owner: ratazana
--

CREATE INDEX authtoken_token_key_10f0b77e_like ON public.authtoken_token USING btree (key varchar_pattern_ops);


--
-- Name: core_alert_jersey_id_a14e4b7a; Type: INDEX; Schema: public; Owner: ratazana
--

CREATE INDEX core_alert_jersey_id_a14e4b7a ON public.core_alert USING btree (jersey_id);


--
-- Name: core_alert_user_id_71938e27; Type: INDEX; Schema: public; Owner: ratazana
--

CREATE INDEX core_alert_user_id_71938e27 ON public.core_alert USING btree (user_id);


--
-- Name: core_customuser_email_e02ad5f6_like; Type: INDEX; Schema: public; Owner: ratazana
--

CREATE INDEX core_customuser_email_e02ad5f6_like ON public.core_customuser USING btree (email varchar_pattern_ops);


--
-- Name: core_customuser_groups_customuser_id_976bc4d7; Type: INDEX; Schema: public; Owner: ratazana
--

CREATE INDEX core_customuser_groups_customuser_id_976bc4d7 ON public.core_customuser_groups USING btree (customuser_id);


--
-- Name: core_customuser_groups_group_id_301aeff4; Type: INDEX; Schema: public; Owner: ratazana
--

CREATE INDEX core_customuser_groups_group_id_301aeff4 ON public.core_customuser_groups USING btree (group_id);


--
-- Name: core_customuser_user_permissions_customuser_id_ebd2ce6c; Type: INDEX; Schema: public; Owner: ratazana
--

CREATE INDEX core_customuser_user_permissions_customuser_id_ebd2ce6c ON public.core_customuser_user_permissions USING btree (customuser_id);


--
-- Name: core_customuser_user_permissions_permission_id_80ceaab9; Type: INDEX; Schema: public; Owner: ratazana
--

CREATE INDEX core_customuser_user_permissions_permission_id_80ceaab9 ON public.core_customuser_user_permissions USING btree (permission_id);


--
-- Name: core_customuser_username_0e60666f_like; Type: INDEX; Schema: public; Owner: ratazana
--

CREATE INDEX core_customuser_username_0e60666f_like ON public.core_customuser USING btree (username varchar_pattern_ops);


--
-- Name: core_jerseyimage_jersey_id_496bd0bb; Type: INDEX; Schema: public; Owner: ratazana
--

CREATE INDEX core_jerseyimage_jersey_id_496bd0bb ON public.core_jerseyimage USING btree (jersey_id);


--
-- Name: core_like_jersey_id_7b509f12; Type: INDEX; Schema: public; Owner: ratazana
--

CREATE INDEX core_like_jersey_id_7b509f12 ON public.core_like USING btree (jersey_id);


--
-- Name: core_like_user_id_0580bca0; Type: INDEX; Schema: public; Owner: ratazana
--

CREATE INDEX core_like_user_id_0580bca0 ON public.core_like USING btree (user_id);


--
-- Name: core_pricehistory_jersey_id_161bfd6f; Type: INDEX; Schema: public; Owner: ratazana
--

CREATE INDEX core_pricehistory_jersey_id_161bfd6f ON public.core_pricehistory USING btree (jersey_id);


--
-- Name: django_admin_log_content_type_id_c4bce8eb; Type: INDEX; Schema: public; Owner: ratazana
--

CREATE INDEX django_admin_log_content_type_id_c4bce8eb ON public.django_admin_log USING btree (content_type_id);


--
-- Name: django_admin_log_user_id_c564eba6; Type: INDEX; Schema: public; Owner: ratazana
--

CREATE INDEX django_admin_log_user_id_c564eba6 ON public.django_admin_log USING btree (user_id);


--
-- Name: django_session_expire_date_a5c62663; Type: INDEX; Schema: public; Owner: ratazana
--

CREATE INDEX django_session_expire_date_a5c62663 ON public.django_session USING btree (expire_date);


--
-- Name: django_session_session_key_c0390e0f_like; Type: INDEX; Schema: public; Owner: ratazana
--

CREATE INDEX django_session_session_key_c0390e0f_like ON public.django_session USING btree (session_key varchar_pattern_ops);


--
-- Name: django_site_domain_a2e37b91_like; Type: INDEX; Schema: public; Owner: ratazana
--

CREATE INDEX django_site_domain_a2e37b91_like ON public.django_site USING btree (domain varchar_pattern_ops);


--
-- Name: socialaccount_socialaccount_user_id_8146e70c; Type: INDEX; Schema: public; Owner: ratazana
--

CREATE INDEX socialaccount_socialaccount_user_id_8146e70c ON public.socialaccount_socialaccount USING btree (user_id);


--
-- Name: socialaccount_socialapp_sites_site_id_2579dee5; Type: INDEX; Schema: public; Owner: ratazana
--

CREATE INDEX socialaccount_socialapp_sites_site_id_2579dee5 ON public.socialaccount_socialapp_sites USING btree (site_id);


--
-- Name: socialaccount_socialapp_sites_socialapp_id_97fb6e7d; Type: INDEX; Schema: public; Owner: ratazana
--

CREATE INDEX socialaccount_socialapp_sites_socialapp_id_97fb6e7d ON public.socialaccount_socialapp_sites USING btree (socialapp_id);


--
-- Name: socialaccount_socialtoken_account_id_951f210e; Type: INDEX; Schema: public; Owner: ratazana
--

CREATE INDEX socialaccount_socialtoken_account_id_951f210e ON public.socialaccount_socialtoken USING btree (account_id);


--
-- Name: socialaccount_socialtoken_app_id_636a42d7; Type: INDEX; Schema: public; Owner: ratazana
--

CREATE INDEX socialaccount_socialtoken_app_id_636a42d7 ON public.socialaccount_socialtoken USING btree (app_id);


--
-- Name: unique_primary_email; Type: INDEX; Schema: public; Owner: ratazana
--

CREATE UNIQUE INDEX unique_primary_email ON public.account_emailaddress USING btree (user_id, "primary") WHERE "primary";


--
-- Name: unique_verified_email; Type: INDEX; Schema: public; Owner: ratazana
--

CREATE UNIQUE INDEX unique_verified_email ON public.account_emailaddress USING btree (email) WHERE verified;


--
-- Name: account_emailaddress account_emailaddress_user_id_2c513194_fk_core_customuser_id; Type: FK CONSTRAINT; Schema: public; Owner: ratazana
--

ALTER TABLE ONLY public.account_emailaddress
    ADD CONSTRAINT account_emailaddress_user_id_2c513194_fk_core_customuser_id FOREIGN KEY (user_id) REFERENCES public.core_customuser(id) DEFERRABLE INITIALLY DEFERRED;


--
-- Name: account_emailconfirmation account_emailconfirm_email_address_id_5b7f8c58_fk_account_e; Type: FK CONSTRAINT; Schema: public; Owner: ratazana
--

ALTER TABLE ONLY public.account_emailconfirmation
    ADD CONSTRAINT account_emailconfirm_email_address_id_5b7f8c58_fk_account_e FOREIGN KEY (email_address_id) REFERENCES public.account_emailaddress(id) DEFERRABLE INITIALLY DEFERRED;


--
-- Name: alerts alerts_jersey_id_fkey; Type: FK CONSTRAINT; Schema: public; Owner: postgres
--

ALTER TABLE ONLY public.alerts
    ADD CONSTRAINT alerts_jersey_id_fkey FOREIGN KEY (jersey_id) REFERENCES public.jerseys(id) ON DELETE CASCADE;


--
-- Name: alerts alerts_user_id_fkey; Type: FK CONSTRAINT; Schema: public; Owner: postgres
--

ALTER TABLE ONLY public.alerts
    ADD CONSTRAINT alerts_user_id_fkey FOREIGN KEY (user_id) REFERENCES public.users(id) ON DELETE CASCADE;


--
-- Name: auth_group_permissions auth_group_permissio_permission_id_84c5c92e_fk_auth_perm; Type: FK CONSTRAINT; Schema: public; Owner: ratazana
--

ALTER TABLE ONLY public.auth_group_permissions
    ADD CONSTRAINT auth_group_permissio_permission_id_84c5c92e_fk_auth_perm FOREIGN KEY (permission_id) REFERENCES public.auth_permission(id) DEFERRABLE INITIALLY DEFERRED;


--
-- Name: auth_group_permissions auth_group_permissions_group_id_b120cbf9_fk_auth_group_id; Type: FK CONSTRAINT; Schema: public; Owner: ratazana
--

ALTER TABLE ONLY public.auth_group_permissions
    ADD CONSTRAINT auth_group_permissions_group_id_b120cbf9_fk_auth_group_id FOREIGN KEY (group_id) REFERENCES public.auth_group(id) DEFERRABLE INITIALLY DEFERRED;


--
-- Name: auth_permission auth_permission_content_type_id_2f476e4b_fk_django_co; Type: FK CONSTRAINT; Schema: public; Owner: ratazana
--

ALTER TABLE ONLY public.auth_permission
    ADD CONSTRAINT auth_permission_content_type_id_2f476e4b_fk_django_co FOREIGN KEY (content_type_id) REFERENCES public.django_content_type(id) DEFERRABLE INITIALLY DEFERRED;


--
-- Name: authtoken_token authtoken_token_user_id_35299eff_fk_core_customuser_id; Type: FK CONSTRAINT; Schema: public; Owner: ratazana
--

ALTER TABLE ONLY public.authtoken_token
    ADD CONSTRAINT authtoken_token_user_id_35299eff_fk_core_customuser_id FOREIGN KEY (user_id) REFERENCES public.core_customuser(id) DEFERRABLE INITIALLY DEFERRED;


--
-- Name: core_alert core_alert_jersey_id_a14e4b7a_fk_core_jersey_id; Type: FK CONSTRAINT; Schema: public; Owner: ratazana
--

ALTER TABLE ONLY public.core_alert
    ADD CONSTRAINT core_alert_jersey_id_a14e4b7a_fk_core_jersey_id FOREIGN KEY (jersey_id) REFERENCES public.core_jersey(id) DEFERRABLE INITIALLY DEFERRED;


--
-- Name: core_alert core_alert_user_id_71938e27_fk_core_customuser_id; Type: FK CONSTRAINT; Schema: public; Owner: ratazana
--

ALTER TABLE ONLY public.core_alert
    ADD CONSTRAINT core_alert_user_id_71938e27_fk_core_customuser_id FOREIGN KEY (user_id) REFERENCES public.core_customuser(id) DEFERRABLE INITIALLY DEFERRED;


--
-- Name: core_customuser_groups core_customuser_grou_customuser_id_976bc4d7_fk_core_cust; Type: FK CONSTRAINT; Schema: public; Owner: ratazana
--

ALTER TABLE ONLY public.core_customuser_groups
    ADD CONSTRAINT core_customuser_grou_customuser_id_976bc4d7_fk_core_cust FOREIGN KEY (customuser_id) REFERENCES public.core_customuser(id) DEFERRABLE INITIALLY DEFERRED;


--
-- Name: core_customuser_groups core_customuser_groups_group_id_301aeff4_fk_auth_group_id; Type: FK CONSTRAINT; Schema: public; Owner: ratazana
--

ALTER TABLE ONLY public.core_customuser_groups
    ADD CONSTRAINT core_customuser_groups_group_id_301aeff4_fk_auth_group_id FOREIGN KEY (group_id) REFERENCES public.auth_group(id) DEFERRABLE INITIALLY DEFERRED;


--
-- Name: core_customuser_user_permissions core_customuser_user_customuser_id_ebd2ce6c_fk_core_cust; Type: FK CONSTRAINT; Schema: public; Owner: ratazana
--

ALTER TABLE ONLY public.core_customuser_user_permissions
    ADD CONSTRAINT core_customuser_user_customuser_id_ebd2ce6c_fk_core_cust FOREIGN KEY (customuser_id) REFERENCES public.core_customuser(id) DEFERRABLE INITIALLY DEFERRED;


--
-- Name: core_customuser_user_permissions core_customuser_user_permission_id_80ceaab9_fk_auth_perm; Type: FK CONSTRAINT; Schema: public; Owner: ratazana
--

ALTER TABLE ONLY public.core_customuser_user_permissions
    ADD CONSTRAINT core_customuser_user_permission_id_80ceaab9_fk_auth_perm FOREIGN KEY (permission_id) REFERENCES public.auth_permission(id) DEFERRABLE INITIALLY DEFERRED;


--
-- Name: core_jerseyimage core_jerseyimage_jersey_id_496bd0bb_fk_core_jersey_id; Type: FK CONSTRAINT; Schema: public; Owner: ratazana
--

ALTER TABLE ONLY public.core_jerseyimage
    ADD CONSTRAINT core_jerseyimage_jersey_id_496bd0bb_fk_core_jersey_id FOREIGN KEY (jersey_id) REFERENCES public.core_jersey(id) DEFERRABLE INITIALLY DEFERRED;


--
-- Name: core_like core_like_jersey_id_7b509f12_fk_core_jersey_id; Type: FK CONSTRAINT; Schema: public; Owner: ratazana
--

ALTER TABLE ONLY public.core_like
    ADD CONSTRAINT core_like_jersey_id_7b509f12_fk_core_jersey_id FOREIGN KEY (jersey_id) REFERENCES public.core_jersey(id) DEFERRABLE INITIALLY DEFERRED;


--
-- Name: core_like core_like_user_id_0580bca0_fk_core_customuser_id; Type: FK CONSTRAINT; Schema: public; Owner: ratazana
--

ALTER TABLE ONLY public.core_like
    ADD CONSTRAINT core_like_user_id_0580bca0_fk_core_customuser_id FOREIGN KEY (user_id) REFERENCES public.core_customuser(id) DEFERRABLE INITIALLY DEFERRED;


--
-- Name: core_pricehistory core_pricehistory_jersey_id_161bfd6f_fk_core_jersey_id; Type: FK CONSTRAINT; Schema: public; Owner: ratazana
--

ALTER TABLE ONLY public.core_pricehistory
    ADD CONSTRAINT core_pricehistory_jersey_id_161bfd6f_fk_core_jersey_id FOREIGN KEY (jersey_id) REFERENCES public.core_jersey(id) DEFERRABLE INITIALLY DEFERRED;


--
-- Name: django_admin_log django_admin_log_content_type_id_c4bce8eb_fk_django_co; Type: FK CONSTRAINT; Schema: public; Owner: ratazana
--

ALTER TABLE ONLY public.django_admin_log
    ADD CONSTRAINT django_admin_log_content_type_id_c4bce8eb_fk_django_co FOREIGN KEY (content_type_id) REFERENCES public.django_content_type(id) DEFERRABLE INITIALLY DEFERRED;


--
-- Name: django_admin_log django_admin_log_user_id_c564eba6_fk_core_customuser_id; Type: FK CONSTRAINT; Schema: public; Owner: ratazana
--

ALTER TABLE ONLY public.django_admin_log
    ADD CONSTRAINT django_admin_log_user_id_c564eba6_fk_core_customuser_id FOREIGN KEY (user_id) REFERENCES public.core_customuser(id) DEFERRABLE INITIALLY DEFERRED;


--
-- Name: like_tables like_tables_jersey_id_fkey; Type: FK CONSTRAINT; Schema: public; Owner: postgres
--

ALTER TABLE ONLY public.like_tables
    ADD CONSTRAINT like_tables_jersey_id_fkey FOREIGN KEY (jersey_id) REFERENCES public.jerseys(id) ON DELETE CASCADE;


--
-- Name: like_tables like_tables_user_id_fkey; Type: FK CONSTRAINT; Schema: public; Owner: postgres
--

ALTER TABLE ONLY public.like_tables
    ADD CONSTRAINT like_tables_user_id_fkey FOREIGN KEY (user_id) REFERENCES public.users(id) ON DELETE CASCADE;


--
-- Name: prices_history prices_history_jersey_id_fkey; Type: FK CONSTRAINT; Schema: public; Owner: postgres
--

ALTER TABLE ONLY public.prices_history
    ADD CONSTRAINT prices_history_jersey_id_fkey FOREIGN KEY (jersey_id) REFERENCES public.jerseys(id) ON DELETE CASCADE;


--
-- Name: socialaccount_socialtoken socialaccount_social_account_id_951f210e_fk_socialacc; Type: FK CONSTRAINT; Schema: public; Owner: ratazana
--

ALTER TABLE ONLY public.socialaccount_socialtoken
    ADD CONSTRAINT socialaccount_social_account_id_951f210e_fk_socialacc FOREIGN KEY (account_id) REFERENCES public.socialaccount_socialaccount(id) DEFERRABLE INITIALLY DEFERRED;


--
-- Name: socialaccount_socialtoken socialaccount_social_app_id_636a42d7_fk_socialacc; Type: FK CONSTRAINT; Schema: public; Owner: ratazana
--

ALTER TABLE ONLY public.socialaccount_socialtoken
    ADD CONSTRAINT socialaccount_social_app_id_636a42d7_fk_socialacc FOREIGN KEY (app_id) REFERENCES public.socialaccount_socialapp(id) DEFERRABLE INITIALLY DEFERRED;


--
-- Name: socialaccount_socialapp_sites socialaccount_social_site_id_2579dee5_fk_django_si; Type: FK CONSTRAINT; Schema: public; Owner: ratazana
--

ALTER TABLE ONLY public.socialaccount_socialapp_sites
    ADD CONSTRAINT socialaccount_social_site_id_2579dee5_fk_django_si FOREIGN KEY (site_id) REFERENCES public.django_site(id) DEFERRABLE INITIALLY DEFERRED;


--
-- Name: socialaccount_socialapp_sites socialaccount_social_socialapp_id_97fb6e7d_fk_socialacc; Type: FK CONSTRAINT; Schema: public; Owner: ratazana
--

ALTER TABLE ONLY public.socialaccount_socialapp_sites
    ADD CONSTRAINT socialaccount_social_socialapp_id_97fb6e7d_fk_socialacc FOREIGN KEY (socialapp_id) REFERENCES public.socialaccount_socialapp(id) DEFERRABLE INITIALLY DEFERRED;


--
-- Name: socialaccount_socialaccount socialaccount_social_user_id_8146e70c_fk_core_cust; Type: FK CONSTRAINT; Schema: public; Owner: ratazana
--

ALTER TABLE ONLY public.socialaccount_socialaccount
    ADD CONSTRAINT socialaccount_social_user_id_8146e70c_fk_core_cust FOREIGN KEY (user_id) REFERENCES public.core_customuser(id) DEFERRABLE INITIALLY DEFERRED;


--
-- Name: SCHEMA public; Type: ACL; Schema: -; Owner: ratazana
--

GRANT USAGE ON SCHEMA public TO postgres;


--
-- Name: TABLE alerts; Type: ACL; Schema: public; Owner: postgres
--

GRANT ALL ON TABLE public.alerts TO ratazana;


--
-- Name: SEQUENCE alerts_id_seq; Type: ACL; Schema: public; Owner: postgres
--

GRANT ALL ON SEQUENCE public.alerts_id_seq TO ratazana;


--
-- Name: TABLE jerseys; Type: ACL; Schema: public; Owner: postgres
--

GRANT ALL ON TABLE public.jerseys TO ratazana;


--
-- Name: SEQUENCE jerseys_id_seq; Type: ACL; Schema: public; Owner: postgres
--

GRANT ALL ON SEQUENCE public.jerseys_id_seq TO ratazana;


--
-- Name: TABLE like_tables; Type: ACL; Schema: public; Owner: postgres
--

GRANT ALL ON TABLE public.like_tables TO ratazana;


--
-- Name: SEQUENCE like_tables_id_seq; Type: ACL; Schema: public; Owner: postgres
--

GRANT ALL ON SEQUENCE public.like_tables_id_seq TO ratazana;


--
-- Name: TABLE prices_history; Type: ACL; Schema: public; Owner: postgres
--

GRANT ALL ON TABLE public.prices_history TO ratazana;


--
-- Name: SEQUENCE prices_history_id_seq; Type: ACL; Schema: public; Owner: postgres
--

GRANT ALL ON SEQUENCE public.prices_history_id_seq TO ratazana;


--
-- Name: TABLE users; Type: ACL; Schema: public; Owner: postgres
--

GRANT ALL ON TABLE public.users TO ratazana;


--
-- Name: SEQUENCE users_id_seq; Type: ACL; Schema: public; Owner: postgres
--

GRANT ALL ON SEQUENCE public.users_id_seq TO ratazana;


--
-- Name: DEFAULT PRIVILEGES FOR SEQUENCES; Type: DEFAULT ACL; Schema: public; Owner: postgres
--

ALTER DEFAULT PRIVILEGES FOR ROLE postgres IN SCHEMA public GRANT ALL ON SEQUENCES TO ratazana;


--
-- Name: DEFAULT PRIVILEGES FOR FUNCTIONS; Type: DEFAULT ACL; Schema: public; Owner: postgres
--

ALTER DEFAULT PRIVILEGES FOR ROLE postgres IN SCHEMA public GRANT ALL ON FUNCTIONS TO ratazana;


--
-- Name: DEFAULT PRIVILEGES FOR TABLES; Type: DEFAULT ACL; Schema: public; Owner: postgres
--

ALTER DEFAULT PRIVILEGES FOR ROLE postgres IN SCHEMA public GRANT ALL ON TABLES TO ratazana;


--
-- PostgreSQL database dump complete
--

